id,category,subcategory,question,answer,keywords,audience,source_url,as_of
ASP-001,Overview,Definition,What is the ASPIRE Programme?,"ASPIRE is a national financial education, savings and investment initiative by the Government of Saint Kitts and Nevis. It gives eligible young people a seeded savings account, an investment stake in local companies, and age-appropriate financial education so they can build financial confidence and long-term wealth.",aspire|what is aspire|definition|overview|programme,general,https://aspire.gov.kn/,2026-07-30
ASP-002,Overview,Acronym,What does ASPIRE stand for?,"ASPIRE stands for Achieving Success through Personal Investment, Resources, and Education.",acronym|meaning|stand for|full name,general,https://aspire.gov.kn/,2026-07-30
ASP-003,Overview,Purpose,What is the goal of ASPIRE?,"Its goal is to empower the nation's youth through financial literacy, real savings and smart early investments, helping them build strong financial foundations and become active participants in the country's economic future.",goal|purpose|mission|aim,general,https://aspire.gov.kn/,2026-07-30
ASP-004,Overview,Pillars,What are the three pillars of ASPIRE?,"ASPIRE is built on three pillars: Savings, Investments, and Financial Education. Each participant gets a seeded savings account, a portion invested in local government-owned companies, and a financial-literacy curriculum delivered through schools.",pillars|three pillars|components|structure,general,https://aspire.gov.kn/,2026-07-30
ASP-005,Overview,Who runs it,Who created and runs ASPIRE?,"ASPIRE was established by the Government of Saint Kitts and Nevis. It is delivered through partners including the Ministry of Education, the Eastern Caribbean Central Bank, the Department of Information Technology, and the St. Kitts-Nevis-Anguilla National Bank, and is overseen by an ASPIRE Council and ASPIRE Task Force.",who runs|government|operator|administered,general,https://aspire.gov.kn/,2026-07-30
ASP-006,Overview,Launch date,When was ASPIRE established?,ASPIRE was established by the Government of Saint Kitts and Nevis in September 2024. It was announced by Prime Minister Dr. Terrance Drew at the Independence 41 National Youth Rally on 13 September 2024.,launch|established|start date|when|2024,general,https://aspire.gov.kn/,2026-07-30
ASP-007,Overview,Launch event,Where was ASPIRE first announced?,"Prime Minister Dr. Terrance Drew announced ASPIRE at the Independence 41 National Youth Rally, held at Warner Park in September 2024.",launch event|warner park|youth rally|announcement,general,https://www.sknis.gov.kn/2024/11/28/governments-innovative-aspire-programme-will-help-to-level-the-financial-playing-field-for-all-children-across-st-kitts-and-nevis/,2024-09-13
ASP-008,Overview,Uniqueness,Is ASPIRE unique to Saint Kitts and Nevis?,"Yes. ASPIRE is the first initiative of its kind in the region and is unique to Saint Kitts and Nevis, standing as a symbol of the government's commitment to the nation's youth.",unique|first of its kind|region|caribbean,general,https://www.sknis.gov.kn/2024/11/28/governments-innovative-aspire-programme-will-help-to-level-the-financial-playing-field-for-all-children-across-st-kitts-and-nevis/,2026-07-30
ASP-009,Overview,Region first,Is ASPIRE the first programme of its kind in the Caribbean?,"Yes. Officials describe ASPIRE as the first programme of its kind in the region, combining a seeded savings account, share ownership and financial education for every eligible child.",first|caribbean|regional|pioneer,general,https://www.sknis.gov.kn/2024/11/28/governments-innovative-aspire-programme-will-help-to-level-the-financial-playing-field-for-all-children-across-st-kitts-and-nevis/,2026-07-30
ASP-010,Overview,SISA alignment,How does ASPIRE relate to the Sustainable Island State Agenda?,"ASPIRE aligns closely with the Sustainable Island State Agenda (SISA), prioritising human capital development and economic inclusivity for young people across the Federation.",sisa|sustainable island state|agenda|alignment,general,https://www.gov.kn/national-accomplishments/aspire_info/,2026-07-30
ASP-011,Overview,Cost to family,Does it cost anything to join ASPIRE?,No. The government provides the seed contribution for each eligible child at no cost to the family. Registration is free.,cost|free|fee|price|join,parent,https://aspire.gov.kn/,2026-07-30
ASP-012,Overview,Total contribution,How much does the government contribute per child?,"The government contributes EC$1,000 per eligible child, split into EC$500 held in a savings account and EC$500 invested in shares of local government-owned entities.",contribution|ec$1000|1000|amount|seed,parent,https://www.sknis.gov.kn/2024/11/28/governments-innovative-aspire-programme-will-help-to-level-the-financial-playing-field-for-all-children-across-st-kitts-and-nevis/,2026-07-30
ASP-013,Overview,Contribution split,"How is the EC$1,000 contribution divided?","The EC$1,000 is divided into two equal parts: EC$500 goes into a savings account at the St. Kitts-Nevis-Anguilla National Bank, and EC$500 is invested in shares of local, government-owned entities.",split|500|savings|investment|division,parent,https://www.sknis.gov.kn/2024/11/28/governments-innovative-aspire-programme-will-help-to-level-the-financial-playing-field-for-all-children-across-st-kitts-and-nevis/,2026-07-30
ASP-014,Overview,Who benefits,Who does ASPIRE benefit?,"ASPIRE benefits eligible child citizens of Saint Kitts and Nevis aged 5 to 18, regardless of their family's socioeconomic background, by giving every participant an equal financial head start.",beneficiary|who benefits|children|youth,general,https://aspire.gov.kn/,2026-07-30
ASP-015,Overview,Level playing field,How does ASPIRE level the financial playing field?,"By giving every eligible child a bank account and company shares from an early age, ASPIRE opens opportunities that were traditionally available mainly to privileged families, so every young person can start building wealth and financial literacy.",level playing field|equality|opportunity|inclusion,general,https://www.sknis.gov.kn/2024/11/28/governments-innovative-aspire-programme-will-help-to-level-the-financial-playing-field-for-all-children-across-st-kitts-and-nevis/,2026-07-30
ASP-016,Overview,Generational wealth,Is ASPIRE about building generational wealth?,Yes. The programme is designed to help young people escape the cycle of poverty and build a financial foundation that supports long-term and generational wealth.,generational wealth|poverty|long-term|foundation,general,https://www.sknis.gov.kn/2024/11/28/governments-innovative-aspire-programme-will-help-to-level-the-financial-playing-field-for-all-children-across-st-kitts-and-nevis/,2026-07-30
ASP-017,Overview,Legacy programmes,How does ASPIRE fit the government's history of social programmes?,"The government presents ASPIRE as the latest in a line of transformative social programmes, following free secondary education introduced in the 1960s and the establishment of Social Security in the 1970s.",legacy|history|social programmes|free education,general,https://www.sknis.gov.kn/2024/11/28/governments-innovative-aspire-programme-will-help-to-level-the-financial-playing-field-for-all-children-across-st-kitts-and-nevis/,2024-12-10
ASP-018,Overview,Financial literacy focus,Which part of ASPIRE does the Prime Minister consider most important?,"Prime Minister Dr. Drew has said that while the savings and investment components are appealing, the financial education aspect is the most important, because it builds a culture of financial wisdom that lasts a lifetime.",financial literacy|education focus|most important|culture,general,https://www.sknis.gov.kn/2024/11/28/governments-innovative-aspire-programme-will-help-to-level-the-financial-playing-field-for-all-children-across-st-kitts-and-nevis/,2026-07-30
ASP-019,Overview,Not just a bank account,Is ASPIRE only a bank account?,"No. Officials describe ASPIRE as more than a bank account. It combines savings, future investment and education to give children hope, opportunity and a stake in national development.",more than bank account|hope|opportunity|development,general,https://www.sknis.gov.kn/2025/12/11/aspire-launches-official-social-media-platforms-join-the-movement-to-empower-our-youth/,2026-07-30
ASP-020,Overview,Ownership mindset,How does ASPIRE encourage an ownership mindset?,"By investing a portion of each child's contribution in shares of local government-owned companies, ASPIRE gives young people a real ownership stake and a sense of participation in the national economy.",ownership|shares|stake|mindset,student,https://aspire.gov.kn/,2026-07-30
ASP-021,Overview,Age range,What age group is ASPIRE for?,ASPIRE is for young people aged 5 to 18 who are citizens of Saint Kitts and Nevis and enrolled in school within the Federation.,age range|5 to 18|children|youth,general,https://aspire.gov.kn/,2026-07-30
ASP-022,Overview,Curriculum topics summary,What financial skills does ASPIRE teach?,"ASPIRE teaches money management, budgeting, saving, investing, entrepreneurship and financial-market literacy, along with concepts like compound interest, dividends and debt management.",skills|budgeting|investing|entrepreneurship,student,https://aspire.gov.kn/,2026-07-30
ASP-023,Overview,Website,What is the official ASPIRE website?,"The official ASPIRE website is aspire.gov.kn, where families can learn more and register.",website|aspire.gov.kn|official site|url,general,https://aspire.gov.kn/,2026-07-30
ASP-024,Overview,Federation-wide,Is ASPIRE available on both St. Kitts and Nevis?,"Yes. ASPIRE is a Federation-wide programme available to eligible children living on both St. Kitts and Nevis, with events and school activities held on both islands.",nevis|st kitts|federation|both islands,general,https://aspire.gov.kn/,2026-07-30
ASP-025,Overview,Vision,What long-term vision does ASPIRE support?,"ASPIRE supports the government's long-term vision of a more financially informed and independent generation that can build wealth, make sound decisions and contribute to national prosperity.",vision|long-term|independent|prosperity,general,https://skncgtoronto.gov.kn/2025/05/08/aspire-financial-literacy-day-2025-set-to-empower-youth-across-saint-kitts-and-nevis/,2026-07-30
ASP-026,Eligibility,Who is eligible,Who is eligible to join ASPIRE?,"All citizens of Saint Kitts and Nevis aged 5 to 18 who are attending school within the Federation are eligible, including children registered with the Ministry of Education as home schooled.",eligible|who can join|qualify|requirements,parent,https://aspire.gov.kn/,2026-07-30
ASP-027,Eligibility,Citizenship,Do I need to be a citizen to join ASPIRE?,"Yes. Participants must be citizens of Saint Kitts and Nevis, either born in the Federation or citizens by descent.",citizen|citizenship|nationality|requirement,parent,https://aspire.gov.kn/,2026-07-30
ASP-028,Eligibility,Citizens by descent,Are citizens by descent eligible for ASPIRE?,"Yes. Citizens by descent are eligible, along with those born in the Federation. Citizens by descent should provide a citizenship by descent certificate as proof.",citizen by descent|descent|eligible|proof,parent,https://aspire.gov.kn/,2026-07-30
ASP-029,Eligibility,Age minimum,What is the minimum age to join ASPIRE?,The minimum age is 5. Children are enrolled on a rolling basis once they reach their fifth birthday.,minimum age|5|youngest|age,parent,https://aspire.gov.kn/,2026-07-30
ASP-030,Eligibility,Age maximum,What is the maximum age to join ASPIRE?,ASPIRE is for young people up to age 18. Eligibility also extends to those who were 18 or under on 13 December 2023.,maximum age|18|oldest|cutoff,parent,https://aspire.gov.kn/,2026-07-30
ASP-031,Eligibility,Age cutoff date,What is the 13 December 2023 eligibility date about?,"Eligibility covers young people who are currently aged 5 to 18, as well as those who were 18 or under on 13 December 2023, ensuring a defined cohort of youth can benefit.",13 december 2023|cutoff date|age eligibility|cohort,parent,https://aspire.gov.kn/,2026-07-30
ASP-032,Eligibility,Residency,Do participants have to live in Saint Kitts and Nevis?,Yes. Participants must reside in Saint Kitts or Nevis to be eligible for the programme.,residency|live|reside|requirement,parent,https://aspire.gov.kn/,2026-07-30
ASP-033,Eligibility,School enrolment,Does my child need to be in school to join?,Yes. A child must be enrolled in school or registered for home schooling with the Ministry of Education to be eligible.,school|enrolled|home school|requirement,parent,https://aspire.gov.kn/,2026-07-30
ASP-034,Eligibility,Home schooling,Are home-schooled children eligible for ASPIRE?,Yes. Children who are registered with the Ministry of Education as home schooled are eligible for the programme.,home school|homeschool|eligible|ministry of education,parent,https://aspire.gov.kn/,2026-07-30
ASP-035,Eligibility,Proof of citizenship,What proof of citizenship do I need to provide?,"Applicants must supply one of the following: a Saint Kitts and Nevis birth certificate, or a citizenship by descent certificate.",proof|birth certificate|citizenship certificate|documents,parent,https://aspire.gov.kn/,2026-07-30
ASP-036,Eligibility,Birth certificate,Can I use a birth certificate to prove eligibility?,Yes. A Saint Kitts and Nevis birth certificate is accepted as evidence of citizenship for eligible children born in the Federation.,birth certificate|document|evidence|proof,parent,https://aspire.gov.kn/,2026-07-30
ASP-037,Eligibility,Passport,Can a passport be used when registering?,A Saint Kitts and Nevis birth certificate or citizenship by descent certificate is the primary evidence of citizenship. A valid St. Kitts and Nevis passport has also been referenced as acceptable identification at sign-up events; families should confirm accepted documents on aspire.gov.kn.,passport|identification|document|registration,parent,https://aspire.gov.kn/,2026-07-30
ASP-038,Eligibility,Foreign-born citizens,My child is a citizen by descent born abroad. Are they eligible?,"Yes. Citizens by descent are eligible provided they meet the age, residency and school-enrolment requirements. They should present a citizenship by descent certificate.",born abroad|descent|foreign|eligible,parent,https://aspire.gov.kn/,2026-07-30
ASP-039,Eligibility,Non-citizens,Can non-citizens or permanent residents join ASPIRE?,No. ASPIRE is limited to citizens of Saint Kitts and Nevis. Non-citizens and permanent residents are not eligible.,non-citizen|resident|not eligible|exclusion,parent,https://aspire.gov.kn/,2026-07-30
ASP-040,Eligibility,One account per child,Can a child have more than one ASPIRE account?,Each eligible child receives one ASPIRE account with a single seeded savings and investment allocation. Duplicate accounts are not part of the programme design.,one account|duplicate|single account|per child,parent,https://aspire.gov.kn/,2026-07-30
ASP-041,Eligibility,Newborns,Can I sign up my newborn or toddler?,"Children become eligible at age 5. Enrolment happens on a rolling basis as each child reaches their fifth birthday, so younger children can be registered when they qualify.",newborn|toddler|under 5|enrolment,parent,https://aspire.gov.kn/,2026-07-30
ASP-042,Eligibility,Turning 5,My child just turned 5. Can they join now?,Yes. The sign-up portal stays open for continuous registration so children can be enrolled as they reach their fifth birthday.,turned 5|fifth birthday|enrol|register,parent,https://aspire.gov.kn/,2026-07-30
ASP-043,Eligibility,Turning 19,What if my child is about to turn 19?,"ASPIRE targets youth aged 5 to 18. A participant who has already joined continues in the programme under its completion rules, but new enrolment is for those within the eligible age range.",19|too old|age limit|aging out,parent,https://aspire.gov.kn/,2026-07-30
ASP-044,Eligibility,Both islands,Are children on Nevis eligible for ASPIRE?,"Yes. Eligible children on Nevis can join ASPIRE just like those on St. Kitts, and ASPIRE Day and school activities have been held on both islands.",nevis|eligible|island|children,parent,https://aspire.gov.kn/,2026-07-30
ASP-045,Application,How to apply,How do I apply for ASPIRE?,"You can apply online at aspire.gov.kn, or meet the ASPIRE team at schools and community events across St. Kitts and Nevis. Parents and guardians can register a child through the online portal.",apply|how to apply|register|sign up,parent,https://www.technology.gov.kn/aspire/,2026-07-30
ASP-046,Application,Online portal,Where is the ASPIRE registration portal?,"Registration is done through the online portal linked from aspire.gov.kn, at portal.aspire.gov.kn/register, where you can register or sign in.",portal|register online|sign in|registration,parent,https://aspire.gov.kn/,2026-07-30
ASP-047,Application,Portal open,Is the ASPIRE application always open?,Yes. The sign-up and apply portal remains open to allow continuous registration of children as they reach their fifth birthday.,portal open|always open|continuous|registration,parent,https://aspire.gov.kn/,2026-07-30
ASP-048,Application,Rolling enrolment,How are new participants enrolled?,"Following the September 2024 launch, participants are enrolled on a rolling basis after their fifth birthday, so families can register children at any time once they qualify.",rolling|enrolment|new participants|ongoing,parent,https://aspire.gov.kn/,2026-07-30
ASP-049,Application,Who registers,Who registers a child for ASPIRE?,"A parent or guardian typically registers a child. From age 12, an ASPIRE participant can also register for their own account.",who registers|parent|guardian|register,parent,https://aspire.gov.kn/,2026-07-30
ASP-050,Application,Self registration age,At what age can I register for my own ASPIRE account?,ASPIRE participants can register for their own accounts from the age of 12.,self register|age 12|own account|teen,student,https://aspire.gov.kn/,2026-07-30
ASP-051,Application,Documents needed,What documents do I need to register?,You need evidence of citizenship for the child: a Saint Kitts and Nevis birth certificate or a citizenship by descent certificate. Confirm any additional documents on aspire.gov.kn.,documents|register|birth certificate|requirements,parent,https://aspire.gov.kn/,2026-07-30
ASP-052,Application,At schools,Can I register through my child's school?,"Yes. The ASPIRE team visits schools across St. Kitts and Nevis during the school year, and school presentations and sign-up drives are part of the programme's outreach.",school registration|team visit|school|outreach,parent,https://www.technology.gov.kn/aspire/,2026-07-30
ASP-053,Application,In-person events,Are there in-person events where I can sign up?,"Yes. ASPIRE Day events, school visits and community activations offer in-person sign-up support. Follow ASPIRE on social media for event dates and locations.",in person|events|aspire day|sign up,parent,https://www.sknis.gov.kn/2025/12/11/aspire-launches-official-social-media-platforms-join-the-movement-to-empower-our-youth/,2026-07-30
ASP-054,Application,Registration help,Is there help available to complete registration?,"Yes. ASPIRE provides step-by-step registration support and a tutorial video series to help parents and guardians complete enrolment, including on-the-spot help at events.",help|support|tutorial|registration assistance,parent,https://www.sknis.gov.kn/2025/12/11/aspire-launches-official-social-media-platforms-join-the-movement-to-empower-our-youth/,2026-07-30
ASP-055,Application,Tutorial videos,Are there tutorials to help me sign up my child?,Yes. ASPIRE has published a tutorial video series and step-by-step guides on its social media channels to walk parents through the sign-up process.,tutorial|video|guide|how to sign up,parent,https://www.sknis.gov.kn/2025/12/11/aspire-launches-official-social-media-platforms-join-the-movement-to-empower-our-youth/,2026-07-30
ASP-056,Application,Deadline,Is there a deadline to register for ASPIRE?,"There is no single cut-off. The portal stays open for continuous registration, and children can be enrolled as they reach their fifth birthday.",deadline|cut-off|when register|time limit,parent,https://aspire.gov.kn/,2026-07-30
ASP-057,Application,After registering,What happens after I register my child?,"Once enrolled, a seeded savings account is opened at the St. Kitts-Nevis-Anguilla National Bank and begins earning interest. The investment allocation is applied under the programme rules.",after registering|next steps|account opened|enrolment,parent,https://www.sknis.gov.kn/2025/12/11/aspire-launches-official-social-media-platforms-join-the-movement-to-empower-our-youth/,2026-07-30
ASP-058,Application,Account opening speed,How quickly is an ASPIRE account opened?,"The Task Force works with the Ministry of Education, Department of ICT, the National Bank and other partners to open accounts quickly and securely so beneficiaries begin earning interest promptly.",account speed|how fast|opening|interest,parent,https://www.sknis.gov.kn/2025/12/11/aspire-launches-official-social-media-platforms-join-the-movement-to-empower-our-youth/,2026-07-30
ASP-059,Application,Free to register,Is there a fee to register for ASPIRE?,"No. Registration for ASPIRE is free, and the seed contribution is provided by the government.",fee|free|cost to register|no charge,parent,https://aspire.gov.kn/,2026-07-30
ASP-060,Application,Multiple children,Can I register more than one child?,Yes. Each eligible child in a family can be registered for their own ASPIRE account and receive their own seeded contribution.,multiple children|siblings|family|several,parent,https://aspire.gov.kn/,2026-07-30
ASP-061,Application,Confirmation,How do I know my child's registration went through?,"After registering through the portal, you can sign in to view the account. For confirmation issues, contact the ASPIRE team at aspire@gov.kn or by phone.",confirmation|registered|verify|check status,parent,https://aspire.gov.kn/,2026-07-30
ASP-062,Application,Where to start,I want to sign my child up. Where do I start?,"Start at aspire.gov.kn and use the Register/Sign In portal, or attend an ASPIRE Day or school event for in-person help. Have your child's birth certificate or citizenship by descent certificate ready.",get started|first step|sign up|begin,parent,https://aspire.gov.kn/,2026-07-30
ASP-063,Savings,Savings amount,How much is in the ASPIRE savings account?,Each participant's savings account is seeded with an initial EC$500 deposit from the government.,savings amount|500|initial deposit|seed,parent,https://aspire.gov.kn/,2026-07-30
ASP-064,Savings,Which bank,Which bank holds the ASPIRE savings account?,"ASPIRE savings accounts are held at the St. Kitts-Nevis-Anguilla National Bank, a government-backed financial institution.",bank|national bank|sknanb|where held,parent,https://aspire.gov.kn/,2026-07-30
ASP-065,Savings,Interest,Does the ASPIRE savings account earn interest?,"Yes. The savings account accrues interest over time, which grows the participant's savings.",interest|earn|grow|accrue,parent,https://aspire.gov.kn/,2026-07-30
ASP-066,Savings,When interest starts,When does the savings account start earning interest?,"Beneficiaries begin earning interest as soon as their seeded savings account is opened, which the Task Force works to do quickly and securely.",interest start|when|begin earning|account open,parent,https://www.sknis.gov.kn/2025/12/11/aspire-launches-official-social-media-platforms-join-the-movement-to-empower-our-youth/,2026-07-30
ASP-067,Savings,Additional deposits,Can I add extra money to the ASPIRE savings account?,Yes. Additional deposits can be made into the ASPIRE savings account. Note that any voluntarily added funds cannot be withdrawn for the duration of the programme.,additional deposits|add money|top up|extra,parent,https://aspire.gov.kn/,2026-07-30
ASP-068,Savings,Extra deposits locked,"If I add extra money, can I take it back out early?","No. Any additional funds added voluntarily are locked for the duration of the programme, the same as the seed amount, and can only be withdrawn on completion.",extra funds locked|withdraw|additional|locked,parent,https://aspire.gov.kn/,2026-07-30
ASP-069,Savings,Withdrawals,Can I withdraw funds from the ASPIRE savings account?,Funds can only be withdrawn by the ASPIRE participant upon completion of the programme. This includes any additional funds added during the programme.,withdraw|withdrawal|take out|access funds,parent,https://aspire.gov.kn/,2026-07-30
ASP-070,Savings,Parent withdrawals,Can a parent or guardian withdraw the child's savings?,"No. Parents or guardians cannot withdraw funds. Only the ASPIRE participant can withdraw, and only upon completing the programme.",parent withdraw|guardian|cannot withdraw|access,parent,https://aspire.gov.kn/,2026-07-30
ASP-071,Savings,Fund safety,How are the funds in the savings account protected?,"The funds are held securely at the St. Kitts-Nevis-Anguilla National Bank, a government-backed financial institution, ensuring safety and reliability.",safety|protected|secure|guaranteed,parent,https://aspire.gov.kn/,2026-07-30
ASP-072,Savings,Government backed,Is the ASPIRE savings account government-backed?,"Yes. The savings account is held at the St. Kitts-Nevis-Anguilla National Bank, a government-backed institution, which safeguards participants' funds.",government backed|secure|national bank|safe,parent,https://aspire.gov.kn/,2026-07-30
ASP-073,Savings,Whose money,Whose money is in the ASPIRE account?,The funds belong to the ASPIRE participant (the child). Parents and guardians can view the account but cannot withdraw the funds.,whose money|belongs to|ownership|child,parent,https://aspire.gov.kn/,2026-07-30
ASP-074,Savings,Compound growth,How does the savings grow over time?,The seeded amount earns interest and can grow further through additional deposits and the compounding of returns over the years the child remains in the programme.,grow|compound|interest|over time,student,https://aspire.gov.kn/,2026-07-30
ASP-075,Savings,Statements,Will I receive statements on the savings?,"Yes. Valuation statements are issued quarterly to ASPIRE participants, showing updates on the performance of both savings and investments.",statements|quarterly|updates|valuation,parent,https://aspire.gov.kn/,2026-07-30
ASP-076,Savings,Check balance,How can I check my ASPIRE savings balance?,"You can view account activity by signing in to the ASPIRE portal, and quarterly valuation statements report the current value of your savings and investments.",check balance|view|statement|account activity,parent,https://aspire.gov.kn/,2026-07-30
ASP-077,Savings,Monitoring,Can parents monitor the savings account?,"Yes. Parents or guardians have access to view the account activity, though they cannot make withdrawals.",monitor|view account|parent access|oversight,parent,https://aspire.gov.kn/,2026-07-30
ASP-078,Savings,Seed source,Where does the seed money for savings come from?,"The EC$500 savings seed is a contribution from the Government of Saint Kitts and Nevis, provided to every eligible child at no cost to the family.",seed source|government|funding|contribution,parent,https://www.sknis.gov.kn/2024/11/28/governments-innovative-aspire-programme-will-help-to-level-the-financial-playing-field-for-all-children-across-st-kitts-and-nevis/,2026-07-30
ASP-079,Savings,Purpose of savings,Why does ASPIRE give each child a savings account?,"The savings account encourages early financial responsibility and long-term wealth accumulation, giving children a real, growing asset and a reason to learn good money habits.",purpose|why savings|responsibility|wealth,student,https://aspire.gov.kn/,2026-07-30
ASP-080,Savings,Active now,Is the savings component active now?,Yes. The seeded savings accounts are active and earning interest. The investment component was being brought on stream in 2026.,active|savings now|current|available,parent,https://www.sknis.gov.kn/2025/12/11/aspire-launches-official-social-media-platforms-join-the-movement-to-empower-our-youth/,2025-12-11
ASP-081,Savings,Interest rate,What interest rate does the savings account earn?,"ASPIRE states that the savings account accrues interest over time, but the specific rate is set by the St. Kitts-Nevis-Anguilla National Bank. Check aspire.gov.kn or the bank for current rate details.",interest rate|rate|how much interest|percentage,parent,https://aspire.gov.kn/,2026-07-30
ASP-082,Savings,Lost passbook,What if I lose access to the account details?,"If you have trouble accessing your child's ASPIRE account, contact the ASPIRE team at aspire@gov.kn or by phone for assistance with account access.",lost access|account details|help|recover,parent,https://aspire.gov.kn/,2026-07-30
ASP-083,Savings,Minimum balance,Is there a minimum balance requirement?,"The account is seeded with EC$500 by the government, and funds stay in place for the duration of the programme. For any minimum-balance rules, confirm with the National Bank or aspire.gov.kn.",minimum balance|requirement|balance|rules,parent,https://aspire.gov.kn/,2026-07-30
ASP-084,Savings,Fees on account,Are there fees on the ASPIRE savings account?,"The programme is designed to give children a free financial head start. For any specific banking terms or fees, confirm with the St. Kitts-Nevis-Anguilla National Bank or on aspire.gov.kn.",fees|charges|account fees|bank charges,parent,https://aspire.gov.kn/,2026-07-30
ASP-085,Investments,Investment amount,How much of the contribution is invested?,"EC$500 of the EC$1,000 government contribution is invested in shares of local, government-owned entities.",investment amount|500|shares|invested,parent,https://www.sknis.gov.kn/2024/11/28/governments-innovative-aspire-programme-will-help-to-level-the-financial-playing-field-for-all-children-across-st-kitts-and-nevis/,2026-07-30
ASP-086,Investments,What is invested in,What does ASPIRE invest in?,"A portion of each participant's contribution is invested in shares of local, government-owned entities such as the St. Kitts-Nevis-Anguilla National Bank and St. Kitts-Nevis Cable Communications Ltd (known as The Cable).",investment|shares|companies|government-owned,parent,https://aspire.gov.kn/,2026-07-30
ASP-087,Investments,National Bank shares,Does ASPIRE invest in the National Bank?,Yes. The St. Kitts-Nevis-Anguilla National Bank is one of the local government-owned entities in which ASPIRE participants hold shares.,national bank shares|sknanb|invest|company,parent,https://aspire.gov.kn/,2026-07-30
ASP-088,Investments,The Cable,Does ASPIRE invest in The Cable?,"Yes. St. Kitts-Nevis Cable Communications Ltd, known as The Cable, is one of the local government-owned entities included in ASPIRE's investments.",the cable|cable communications|invest|shares,parent,https://aspire.gov.kn/,2026-07-30
ASP-089,Investments,Choose investments,Can participants choose their own investments?,No. The investments are predetermined by the programme and are made in specific government-owned companies. Participants cannot select individual investments.,choose|select|predetermined|control,parent,https://aspire.gov.kn/,2026-07-30
ASP-090,Investments,Dividends,What happens to dividends from the investments?,Dividends generated from the investments are automatically reinvested to compound savings and promote long-term financial growth.,dividends|reinvested|compound|returns,parent,https://aspire.gov.kn/,2026-07-30
ASP-091,Investments,Reinvestment,Are investment returns reinvested?,"Yes. Dividends are automatically reinvested rather than paid out, so returns compound over the years the participant is in the programme.",reinvest|compound|returns|growth,student,https://aspire.gov.kn/,2026-07-30
ASP-092,Investments,Early withdrawal,Can I withdraw my investment before completing the programme?,No. Investments are locked in until the participant completes the ASPIRE Programme.,withdraw investment|early|locked|access,parent,https://aspire.gov.kn/,2026-07-30
ASP-093,Investments,Investment value,How will I know the value of my investments?,"Valuation statements are issued on a quarterly basis, giving participants updates on the performance of both their savings and their investments.",investment value|statement|quarterly|performance,parent,https://aspire.gov.kn/,2026-07-30
ASP-094,Investments,Ownership stake,Do ASPIRE participants really own shares?,"Yes. Each participant holds real shares in local government-owned companies, giving them genuine ownership and a stake in the national economy.",ownership|shares|stake|own,student,https://aspire.gov.kn/,2026-07-30
ASP-095,Investments,Risk,Are ASPIRE investments risky?,"ASPIRE invests in established, local government-owned entities and reinvests dividends to promote steady long-term growth. As with any investment, values can change, and quarterly statements keep participants informed.",risk|safe|volatility|investment risk,parent,https://aspire.gov.kn/,2026-07-30
ASP-096,Investments,Why local companies,Why does ASPIRE invest in local companies?,"Investing in local, government-owned entities gives young people an ownership stake in the national economy, fostering a sense of ownership and providing a path to financial growth through dividends and reinvestment.",local companies|why|ownership|economy,student,https://aspire.gov.kn/,2026-07-30
ASP-097,Investments,Investment on stream,When did the investment component start?,"The seeded savings accounts were active from the start, while the investment component was being brought on stream in 2026.",investment start|2026|on stream|timing,parent,https://www.sknis.gov.kn/2025/12/11/aspire-launches-official-social-media-platforms-join-the-movement-to-empower-our-youth/,2025-12-11
ASP-098,Investments,Purpose of investments,Why does ASPIRE include an investment component?,"The investment component fosters a sense of ownership and provides an opportunity for financial growth through dividends and reinvestment, teaching young people how ownership and markets work.",purpose|why invest|ownership|growth,student,https://aspire.gov.kn/,2026-07-30
ASP-099,Investments,Dividends explained,"What are dividends, in ASPIRE terms?","Dividends are a share of a company's profits paid to shareholders. In ASPIRE, the dividends from a participant's shares are automatically reinvested to grow their holdings over time.",dividends|explained|profits|shareholder,student,https://aspire.gov.kn/,2026-07-30
ASP-100,Investments,Compound interest,"What is compound interest, and does ASPIRE teach it?",Compound interest is earning returns on both your original money and the returns it has already generated. ASPIRE teaches compound interest as part of its curriculum and applies compounding through reinvested dividends.,compound interest|explained|curriculum|growth,student,https://www.gov.kn/national-accomplishments/aspire_info/,2024-12-10
ASP-101,Investments,Shares locked,Are the shares locked until completion?,Yes. The investment shares are locked in and cannot be withdrawn until the participant completes the ASPIRE Programme.,shares locked|completion|access|withdraw,parent,https://aspire.gov.kn/,2026-07-30
ASP-102,Investments,Investment education,Does ASPIRE teach investing?,"Yes. Investing is a core part of the curriculum, alongside budgeting, saving and entrepreneurship, so participants understand the shares they hold.",investing|education|curriculum|teach,student,https://aspire.gov.kn/,2026-07-30
ASP-103,Investments,Growth over time,How does the investment grow over time?,"The investment grows as the value of the underlying shares changes and as dividends are reinvested, compounding the participant's holdings over the years they remain in the programme.",growth|over time|compound|shares,student,https://aspire.gov.kn/,2026-07-30
ASP-104,Investments,Ownership benefit,What is the benefit of children owning shares early?,"Owning shares early gives children a financial asset, exposure to how markets and dividends work, and a real stake in local companies, benefits traditionally available mainly to privileged families.",benefit|early ownership|shares|advantage,student,https://www.sknis.gov.kn/2024/11/28/governments-innovative-aspire-programme-will-help-to-level-the-financial-playing-field-for-all-children-across-st-kitts-and-nevis/,2026-07-30
ASP-105,Investments,Interactive learning tools,Are there tools to help students learn about the stock market through ASPIRE?,"Yes. Interactive stock-market learning tools have been developed to enhance ASPIRE and promote financial literacy, including a project by Clarence Fitzroy Bryant College's AI Association that won a regional competition.",stock market|learning tools|interactive|cfbc,student,https://www.gov.kn/national-accomplishments/aspire_info/,2026-05-22
ASP-106,Investments,Value updates frequency,How often are investment values updated?,Investment and savings values are reported to participants through quarterly valuation statements.,value updates|frequency|quarterly|statement,parent,https://aspire.gov.kn/,2026-07-30
ASP-107,Financial Education,How delivered,How is the ASPIRE financial education delivered?,"Financial education is delivered through schools and other institutions, using interactive lessons, workshops and digital resources.",delivery|how taught|schools|lessons,teacher,https://aspire.gov.kn/,2026-07-30
ASP-108,Financial Education,Curriculum topics,What topics are covered in the ASPIRE curriculum?,"The curriculum covers budgeting, saving, investing, entrepreneurship and financial-market literacy, tailored for young learners.",curriculum|topics|budgeting|investing,teacher,https://aspire.gov.kn/,2026-07-30
ASP-109,Financial Education,Who delivers it,Who delivers the ASPIRE financial education?,"The Ministry of Education and the Eastern Caribbean Central Bank collaborate to deliver the financial education, including teacher-led classroom activities and training materials.",who delivers|ministry of education|eccb|teachers,teacher,https://aspire.gov.kn/,2026-07-30
ASP-110,Financial Education,ECCB role,What role does the Eastern Caribbean Central Bank play?,"The Eastern Caribbean Central Bank partners with the Ministry of Education to develop and deliver ASPIRE's financial-literacy curriculum, including educator training sessions for teachers.",eccb|central bank|role|partner,teacher,https://aspire.gov.kn/,2026-07-30
ASP-111,Financial Education,Teacher-led,Are ASPIRE lessons teacher-led?,"Yes. The programme includes teacher-led classroom activities supported by age-appropriate training materials and hands-on, interactive learning experiences.",teacher-led|classroom|lessons|activities,teacher,https://aspire.gov.kn/,2026-07-30
ASP-112,Financial Education,Age appropriate,Is the ASPIRE curriculum age-appropriate?,Yes. The curriculum uses age-appropriate training materials and is tailored specifically for young learners across different age groups.,age appropriate|tailored|young learners|materials,teacher,https://aspire.gov.kn/,2026-07-30
ASP-113,Financial Education,Interactive,Is the ASPIRE financial education interactive?,"Yes. It emphasises hands-on, fun, interactive learning experiences, including workshops and digital resources, rather than lectures alone.",interactive|hands-on|engaging|fun,teacher,https://aspire.gov.kn/,2026-07-30
ASP-114,Financial Education,Assessments,Are there assessments in the financial education component?,Yes. Participants undergo periodic assessments to ensure they are grasping the key concepts and can apply them effectively.,assessments|exams|tests|evaluation,teacher,https://aspire.gov.kn/,2026-07-30
ASP-115,Financial Education,Entrepreneurship,Does ASPIRE teach entrepreneurship?,"Yes. Entrepreneurship, including starting a small business, is part of the curriculum alongside budgeting, saving and investing.",entrepreneurship|business|curriculum|start business,student,https://aspire.gov.kn/,2026-07-30
ASP-116,Financial Education,Money management,Does ASPIRE teach money management?,"Yes. Money management and budgeting are core topics, teaching young people how to plan, save and spend responsibly.",money management|budgeting|spending|planning,student,https://aspire.gov.kn/,2026-07-30
ASP-117,Financial Education,Debt management,Does ASPIRE cover debt management?,"Yes. Participants learn about concepts such as debt management, compound interest, dividends and investment strategies as part of building strong financial foundations.",debt|debt management|credit|borrowing,student,https://www.gov.kn/national-accomplishments/aspire_info/,2024-12-10
ASP-118,Financial Education,Educator training,Does ASPIRE train teachers?,"Yes. The government and the Eastern Caribbean Central Bank launched ASPIRE Educator Training Sessions to prepare teachers to deliver financial literacy, focusing on saving, budgeting and investing.",educator training|teacher training|eccb|professional development,teacher,https://www.gov.kn/national-accomplishments/aspire_info/,2025-10-07
ASP-119,Financial Education,Educator training date,When did ASPIRE educator training begin?,"The ASPIRE Educator Training Sessions were launched on 7 October 2025, bringing together students, educators and financial experts.",educator training date|october 2025|launch|teachers,teacher,https://www.gov.kn/national-accomplishments/aspire_info/,2025-10-07
ASP-120,Financial Education,Where taught,Where do students learn ASPIRE financial literacy?,"Students learn through their schools and other institutions across the Federation, with lessons integrated into the school setting and supported by ASPIRE events.",where|schools|location|learn,student,https://aspire.gov.kn/,2026-07-30
ASP-121,Financial Education,Digital resources,Are there digital resources for ASPIRE learning?,"Yes. Financial education incorporates digital resources, and ASPIRE shares bite-sized financial lessons and classroom materials through its social media channels.",digital|online resources|materials|lessons,teacher,https://www.sknis.gov.kn/2025/12/11/aspire-launches-official-social-media-platforms-join-the-movement-to-empower-our-youth/,2026-07-30
ASP-122,Financial Education,Classroom materials,Can teachers get ASPIRE classroom materials?,Yes. ASPIRE provides bite-sized financial lessons and classroom materials that teachers can use to support the national curriculum.,classroom materials|teachers|resources|curriculum,teacher,https://www.sknis.gov.kn/2025/12/11/aspire-launches-official-social-media-platforms-join-the-movement-to-empower-our-youth/,2026-07-30
ASP-123,Financial Education,Beyond school,Does ASPIRE financial literacy extend beyond the classroom?,"Yes. ASPIRE encourages parents, guardians and communities to reinforce lessons at home, aiming to build a financial-literacy culture that reaches beyond traditional academic settings.",beyond school|home|community|culture,parent,https://skncgtoronto.gov.kn/2025/05/08/aspire-financial-literacy-day-2025-set-to-empower-youth-across-saint-kitts-and-nevis/,2026-07-30
ASP-124,Financial Education,Real-world skills,What real-world skills will my child gain?,"Participants gain practical skills such as budgeting, saving, wise investing, avoiding common financial mistakes and making informed decisions for adulthood.",real-world|skills|practical|life skills,student,https://skncgtoronto.gov.kn/2025/05/08/aspire-financial-literacy-day-2025-set-to-empower-youth-across-saint-kitts-and-nevis/,2026-07-30
ASP-126,Financial Education,Lifelong learning,How does ASPIRE build lifelong financial habits?,"By teaching sound money principles from an early age and pairing them with real savings and investments, ASPIRE aims to instill financial wisdom and positive habits that last for life.",lifelong|habits|long-term|wisdom,student,https://www.sknis.gov.kn/2024/11/28/governments-innovative-aspire-programme-will-help-to-level-the-financial-playing-field-for-all-children-across-st-kitts-and-nevis/,2026-07-30
ASP-127,Rules,Minimum duration,How long must a participant stay in ASPIRE?,"Participants must remain in the programme for a minimum of 5 years, or until they turn 18, whichever is later.",duration|minimum|5 years|how long,parent,https://aspire.gov.kn/,2026-07-30
ASP-128,Rules,Completion access,What happens when a participant completes ASPIRE?,"Upon completion, participants gain full access to their savings and investment returns and receive a certificate of completion.",completion|finish|access|certificate,student,https://aspire.gov.kn/,2026-07-30
ASP-129,Rules,Certificate,Do participants get a certificate?,Yes. Participants receive a certificate of completion when they finish the ASPIRE Programme.,certificate|completion|award|finish,student,https://aspire.gov.kn/,2026-07-30
ASP-130,Rules,Access to funds,When can a participant access their money?,"A participant can access their savings and investment returns only upon completing the programme, which is a minimum of 5 years or until they turn 18, whichever is later.",access funds|when|completion|withdraw,parent,https://aspire.gov.kn/,2026-07-30
ASP-131,Rules,No early access,Can funds be accessed early for emergencies?,"The programme design locks savings and investments until completion. Funds, including any additional deposits, can only be withdrawn by the participant on completing the programme.",early access|emergency|locked|withdraw,parent,https://aspire.gov.kn/,2026-07-30
ASP-132,Rules,Death or incapacity,What happens if a participant passes away or becomes incapacitated?,"In such unfortunate circumstances, the funds are transferred to the participant's next of kin.",death|incapacity|next of kin|passing,parent,https://aspire.gov.kn/,2026-07-30
ASP-133,Rules,Moving abroad,What happens if a participant moves abroad?,"If a participant relocates outside Saint Kitts and Nevis, they can continue in the programme, but specific arrangements must be made with the programme administrators.",move abroad|relocate|overseas|continue,parent,https://aspire.gov.kn/,2026-07-30
ASP-134,Rules,Parent access,Can parents or guardians monitor the account?,"Yes. Parents and guardians can view the account activity, but they cannot make withdrawals.",parent access|monitor|view|guardian,parent,https://aspire.gov.kn/,2026-07-30
ASP-135,Rules,Funds ownership,Who owns the funds in the account?,The funds belong to the ASPIRE participant. Parents and guardians have viewing access only and cannot withdraw the money.,ownership|funds|belong|child,parent,https://aspire.gov.kn/,2026-07-30
ASP-136,Rules,Voluntary top-ups locked,"If I add my own money, when can it be withdrawn?",Any additional funds you add voluntarily are locked for the duration of the programme and can only be withdrawn by the participant upon completion.,top-up|additional|locked|withdraw,parent,https://aspire.gov.kn/,2026-07-30
ASP-137,Rules,Leaving early,Can a participant leave ASPIRE early?,"The programme requires a minimum commitment of 5 years or until age 18, whichever is later. For questions about individual circumstances, contact the ASPIRE administrators.",leave early|quit|exit|withdraw,parent,https://aspire.gov.kn/,2026-07-30
ASP-138,Rules,After age 18,What happens when a participant turns 18?,"A participant must remain in the programme for a minimum of 5 years or until they turn 18, whichever is later. On completion, they gain full access to their savings and investment returns.",age 18|adult|completion|access,student,https://aspire.gov.kn/,2026-07-30
ASP-139,Rules,Statements frequency,How often are statements provided?,"Valuation statements are provided quarterly, updating participants on the performance of their savings and investments.",statements|quarterly|frequency|updates,parent,https://aspire.gov.kn/,2026-07-30
ASP-140,Rules,Continue after moving schools,Does my child stay in ASPIRE if they change schools?,"Yes. As long as the child remains an eligible citizen residing in the Federation and enrolled in school or home schooling, they continue in the programme regardless of which school they attend.",change school|transfer|continue|enrolment,parent,https://aspire.gov.kn/,2026-07-30
ASP-141,Rules,Additional deposits allowed,Are extra contributions encouraged?,"Additional deposits are allowed and can boost a participant's savings, but families should note that voluntarily added funds are locked until the programme is completed.",extra contributions|deposits|allowed|savings,parent,https://aspire.gov.kn/,2026-07-30
ASP-142,Rules,What is completion,What counts as completing the programme?,"Completion is reached after the participant has been in the programme for the required minimum period, at least 5 years or until age 18, whichever is later, at which point they access their funds and receive a certificate.",completion|finish|requirement|access,student,https://aspire.gov.kn/,2026-07-30
ASP-143,Rules,Funds after completion,What can a participant do with the funds after completing?,"After completing the programme, the participant gains full access to their savings and investment returns and can decide how to use or continue growing those funds.",after completion|use funds|access|returns,student,https://aspire.gov.kn/,2026-07-30
ASP-144,Rules,Withdrawal by participant only,Who is allowed to make a withdrawal?,"Only the ASPIRE participant can make a withdrawal, and only upon completing the programme. Parents and guardians cannot withdraw the funds.",withdrawal|who can|participant only|rules,parent,https://aspire.gov.kn/,2026-07-30
ASP-145,Rules,Multiple year commitment,Why is there a minimum time commitment?,"The minimum commitment ensures the savings and investments have time to grow and compound, and that participants complete the financial-education journey the programme is built around.",commitment|why minimum|time|growth,parent,https://aspire.gov.kn/,2026-07-30
ASP-146,Rules,Protection of savings,Are the savings safe throughout the programme?,"Yes. Savings are held at the government-backed St. Kitts-Nevis-Anguilla National Bank, and investments are placed in local government-owned entities, with quarterly statements keeping participants informed.",protection|safe|secure|savings,parent,https://aspire.gov.kn/,2026-07-30
ASP-147,Rules,Home schooling continues,Can a home-schooled child stay enrolled?,Yes. A home-schooled child registered with the Ministry of Education remains eligible and can stay enrolled in ASPIRE.,home school|continue|enrolled|eligible,parent,https://aspire.gov.kn/,2026-07-30
ASP-148,Governance,ASPIRE Bill,Is there a law that established ASPIRE?,"Yes. The ASPIRE Bill, 2024, moved by Prime Minister and Minister of Finance Dr. Terrance Drew, established the legal basis for the programme. It was passed in the National Assembly on 28 November 2024.",aspire bill|law|legislation|2024,general,https://www.sknis.gov.kn/2024/11/28/governments-innovative-aspire-programme-will-help-to-level-the-financial-playing-field-for-all-children-across-st-kitts-and-nevis/,2024-11-28
ASP-149,Governance,Bill purpose,What does the ASPIRE Bill provide for?,"The ASPIRE Bill, 2024 provides for the establishment of the ASPIRE Fund and the creation of the ASPIRE Council that manages the programme for the benefit of youth in the Federation.",bill purpose|fund|council|legislation,general,https://www.sknis.gov.kn/2024/11/28/governments-innovative-aspire-programme-will-help-to-level-the-financial-playing-field-for-all-children-across-st-kitts-and-nevis/,2024-11-28
ASP-150,Governance,ASPIRE Fund,What is the ASPIRE Fund?,"The ASPIRE Fund is the fund established under the ASPIRE Bill, 2024 to hold and manage the resources that support the programme for participating youth.",aspire fund|fund|legislation|finance,general,https://www.sknis.gov.kn/2024/11/28/governments-innovative-aspire-programme-will-help-to-level-the-financial-playing-field-for-all-children-across-st-kitts-and-nevis/,2024-11-28
ASP-151,Governance,ASPIRE Council,What is the ASPIRE Council?,"The ASPIRE Council is the body created under the ASPIRE Bill, 2024 to manage the programme for the benefit of youth within the Federation.",aspire council|council|governance|management,general,https://www.sknis.gov.kn/2024/11/28/governments-innovative-aspire-programme-will-help-to-level-the-financial-playing-field-for-all-children-across-st-kitts-and-nevis/,2024-11-28
ASP-152,Governance,Task Force,What is the ASPIRE Task Force?,"The ASPIRE Task Force leads the programme's outreach, communications and delivery, working with partners to enrol participants and run events. It is chaired by Dr. Marcus L. Natta.",task force|team|natta|governance,general,https://www.sknis.gov.kn/2025/12/11/aspire-launches-official-social-media-platforms-join-the-movement-to-empower-our-youth/,2025-12-11
ASP-153,Governance,Task Force chair,Who chairs the ASPIRE Task Force?,Dr. Marcus L. Natta is the Chair of the ASPIRE Task Force.,chair|natta|leader|task force,general,https://www.sknis.gov.kn/2025/12/11/aspire-launches-official-social-media-platforms-join-the-movement-to-empower-our-youth/,2025-12-11
ASP-154,Governance,Prime Minister,Who is the political leader behind ASPIRE?,Prime Minister and Minister of Finance Dr. Terrance Drew introduced and champions ASPIRE as a flagship youth-empowerment initiative.,prime minister|drew|leader|champion,general,https://www.sknis.gov.kn/2024/11/28/governments-innovative-aspire-programme-will-help-to-level-the-financial-playing-field-for-all-children-across-st-kitts-and-nevis/,2026-07-30
ASP-155,Governance,When Bill passed,When was the ASPIRE Bill passed?,"The ASPIRE Bill, 2024 was passed in the National Assembly during the sitting on 28 November 2024.",bill passed|28 november 2024|national assembly|law,general,https://www.sknis.gov.kn/2024/11/28/governments-innovative-aspire-programme-will-help-to-level-the-financial-playing-field-for-all-children-across-st-kitts-and-nevis/,2024-11-28
ASP-156,Governance,Who manages funds,Who manages ASPIRE's funds and operations?,"The programme is managed under the ASPIRE Council and supported by the ASPIRE Task Force, with the ASPIRE Fund providing the financial structure and the National Bank holding participant accounts.",manage|operations|council|fund,general,https://www.sknis.gov.kn/2024/11/28/governments-innovative-aspire-programme-will-help-to-level-the-financial-playing-field-for-all-children-across-st-kitts-and-nevis/,2024-11-28
ASP-157,Governance,Transparency,Is ASPIRE managed transparently?,"Officials have committed to keeping ASPIRE's communications transparent and practical, with quarterly statements to participants and public information campaigns about the programme's progress.",transparency|accountable|communications|reporting,general,https://www.sknis.gov.kn/2025/12/11/aspire-launches-official-social-media-platforms-join-the-movement-to-empower-our-youth/,2026-07-30
ASP-158,Governance,Legal framework,What legal framework underpins ASPIRE?,"ASPIRE is underpinned by the ASPIRE Bill, 2024, which establishes the ASPIRE Fund and the ASPIRE Council and gives the programme its statutory footing.",legal framework|bill|statute|law,general,https://www.sknis.gov.kn/2024/11/28/governments-innovative-aspire-programme-will-help-to-level-the-financial-playing-field-for-all-children-across-st-kitts-and-nevis/,2024-11-28
ASP-159,Governance,Government commitment,How committed is the government to ASPIRE?,"The government presents ASPIRE as a flagship commitment to youth and economic resilience, backed by legislation, a dedicated fund and council, and plans to expand the programme's reach.",commitment|government|priority|flagship,general,https://www.sknis.gov.kn/2024/11/28/governments-innovative-aspire-programme-will-help-to-level-the-financial-playing-field-for-all-children-across-st-kitts-and-nevis/,2026-07-30
ASP-160,Governance,Expansion plans,Does the government plan to expand ASPIRE?,Yes. The government plans to expand the programme's reach so that every eligible child in Saint Kitts and Nevis can participate.,expansion|grow|reach|plans,general,https://aspire.gov.kn/,2024-12-10
ASP-161,Governance,Managed for youth,Who is ASPIRE managed for?,"ASPIRE is managed for the benefit of the youth of Saint Kitts and Nevis, with the ASPIRE Council overseeing the programme in their interest.",for youth|benefit|managed|children,general,https://www.sknis.gov.kn/2024/11/28/governments-innovative-aspire-programme-will-help-to-level-the-financial-playing-field-for-all-children-across-st-kitts-and-nevis/,2024-11-28
ASP-162,Partners,National Bank,What is the St. Kitts-Nevis-Anguilla National Bank's role in ASPIRE?,The St. Kitts-Nevis-Anguilla National Bank holds participants' seeded savings accounts and is one of the local government-owned entities in which participants hold shares.,national bank|sknanb|partner|role,general,https://aspire.gov.kn/,2026-07-30
ASP-163,Partners,Ministry of Education,What is the Ministry of Education's role?,The Ministry of Education collaborates on delivering ASPIRE's financial-education curriculum in schools and helps verify eligibility for enrolled and home-schooled students.,ministry of education|schools|curriculum|partner,teacher,https://aspire.gov.kn/,2026-07-30
ASP-164,Partners,ECCB,What is the ECCB's role in ASPIRE?,The Eastern Caribbean Central Bank partners with the Ministry of Education to design and deliver the financial-literacy curriculum and to run educator training sessions.,eccb|central bank|curriculum|partner,teacher,https://aspire.gov.kn/,2026-07-30
ASP-165,Partners,Department of ICT,Is the Department of ICT involved in ASPIRE?,Yes. The Department of Information Technology (ICT) supports ASPIRE's technology and helps ensure accounts are opened quickly and securely.,ict|technology|department|partner,general,https://www.sknis.gov.kn/2025/12/11/aspire-launches-official-social-media-platforms-join-the-movement-to-empower-our-youth/,2026-07-30
ASP-166,Partners,The Cable partner,How is The Cable involved in ASPIRE?,"St. Kitts-Nevis Cable Communications Ltd (The Cable) is a government-owned entity whose shares are part of ASPIRE's investments, and it has partnered to help with enrolment efforts.",the cable|cable|partner|investment,general,https://aspire.gov.kn/,2026-07-30
ASP-167,Partners,Schools,How are schools involved in ASPIRE?,"Schools host ASPIRE's financial-education lessons, assemblies and sign-up drives, and the ASPIRE team visits schools across the Federation during the school year.",schools|involvement|lessons|sign-up,teacher,https://www.technology.gov.kn/aspire/,2026-07-30
ASP-168,Partners,Financial experts,Do financial experts take part in ASPIRE?,"Yes. Financial experts, teachers, business leaders and community advocates take part in ASPIRE events and educator training to deliver practical financial knowledge.",experts|professionals|advocates|speakers,general,https://skncgtoronto.gov.kn/2025/05/08/aspire-financial-literacy-day-2025-set-to-empower-youth-across-saint-kitts-and-nevis/,2026-07-30
ASP-169,Partners,Community partners,Does ASPIRE work with community partners?,"Yes. ASPIRE works with community advocates, business leaders and other partners through outreach events, school visits and public information campaigns.",community|partners|outreach|collaboration,general,https://www.sknis.gov.kn/2025/12/11/aspire-launches-official-social-media-platforms-join-the-movement-to-empower-our-youth/,2026-07-30
ASP-170,Partners,Who funds ASPIRE,Who funds the ASPIRE contributions?,"The government of Saint Kitts and Nevis funds the EC$1,000 contribution for each eligible child, through the central government and the structures established by the ASPIRE Bill.",funding|who pays|government|contribution,general,https://www.sknis.gov.kn/2024/11/28/governments-innovative-aspire-programme-will-help-to-level-the-financial-playing-field-for-all-children-across-st-kitts-and-nevis/,2026-07-30
ASP-171,Partners,Multi-agency,Which agencies work together on ASPIRE?,"ASPIRE brings together the ASPIRE Task Force, the Ministry of Education, the Eastern Caribbean Central Bank, the Department of ICT and the St. Kitts-Nevis-Anguilla National Bank, among other partners.",agencies|partners|collaboration|multi-agency,general,https://www.sknis.gov.kn/2025/12/11/aspire-launches-official-social-media-platforms-join-the-movement-to-empower-our-youth/,2026-07-30
ASP-172,Milestones,Accounts opened,How many ASPIRE accounts have been opened?,"As of the December 2025 social media launch, ASPIRE reported that 4,207 ASPIRE bank accounts had been opened, an early milestone as the programme continues to expand.",accounts opened|4207|milestone|numbers,general,https://www.sknis.gov.kn/2025/12/11/aspire-launches-official-social-media-platforms-join-the-movement-to-empower-our-youth/,2025-12-11
ASP-173,Milestones,3000 registered,"Did ASPIRE reach 3,000 participants?","Yes. By December 2024, more than 3,000 young people had registered for ASPIRE, a milestone the Prime Minister highlighted as a strong national response.",3000|registered|milestone|enrolment,general,https://www.gov.kn/national-accomplishments/aspire_info/,2024-12-10
ASP-174,Milestones,Early accounts,How many accounts were opened at the start?,"Shortly after launch in November 2024, savings accounts seeded with EC$1,000 each had been opened for 367 young participants, with over 1,700 applications received.",367|early accounts|1700 applications|start,general,https://www.sknis.gov.kn/2024/11/28/governments-innovative-aspire-programme-will-help-to-level-the-financial-playing-field-for-all-children-across-st-kitts-and-nevis/,2024-11-22
ASP-175,Milestones,Applications received,How many applications did ASPIRE receive early on?,"By late November 2024, ASPIRE had received over 1,700 applications since its September 2024 launch.",applications|1700|early|numbers,general,https://www.sknis.gov.kn/2024/11/28/governments-innovative-aspire-programme-will-help-to-level-the-financial-playing-field-for-all-children-across-st-kitts-and-nevis/,2024-11-22
ASP-176,Milestones,Growth,Is ASPIRE enrolment growing?,"Yes. Enrolment has grown steadily, from hundreds of early accounts in 2024 to more than 3,000 registrations by December 2024 and 4,207 accounts opened by December 2025.",growth|enrolment|expanding|trend,general,https://www.sknis.gov.kn/2025/12/11/aspire-launches-official-social-media-platforms-join-the-movement-to-empower-our-youth/,2025-12-11
ASP-177,Milestones,National response,How has the public responded to ASPIRE?,"The public response has been strong, with large turnouts at ASPIRE Day sign-up events and thousands of accounts opened, which the Prime Minister described as a tremendous national response.",response|turnout|popularity|public,general,https://www.gov.kn/national-accomplishments/aspire_info/,2024-12-10
ASP-178,Milestones,Target,What is ASPIRE's enrolment goal?,"The government's goal is for every eligible child in Saint Kitts and Nevis to participate, and it plans to keep expanding the programme's reach.",target|goal|every child|universal,general,https://aspire.gov.kn/,2026-07-30
ASP-179,Milestones,Lives changed,Has ASPIRE started changing lives?,"Officials say ASPIRE has already begun changing lives, with thousands of participants gaining financial skills, savings and shares in local companies.",impact|lives changed|results|benefit,general,https://www.gov.kn/national-accomplishments/aspire_info/,2024-12-10
ASP-180,Milestones,Regional model,Is ASPIRE seen as a model for the region?,"Yes. The Prime Minister has encouraged the region to look to Saint Kitts and Nevis as a model of innovation, citing ASPIRE as a first-of-its-kind youth financial programme.",model|regional|innovation|example,general,https://www.gov.kn/national-accomplishments/aspire_info/,2024-12-10
ASP-181,Milestones,Youth innovation,Have young people contributed to ASPIRE's development?,"Yes. Local youth have enhanced ASPIRE, including Clarence Fitzroy Bryant College's AI Association, which won a regional competition after building interactive stock-market learning tools for the programme.",youth innovation|cfbc|students|tools,student,https://www.gov.kn/national-accomplishments/aspire_info/,2026-05-22
ASP-182,Milestones,Milestone summary,What are ASPIRE's key milestones so far?,"Key milestones include the September 2024 launch, passage of the ASPIRE Bill in November 2024, surpassing 3,000 registrations by December 2024, the May 2025 Financial Literacy Day, educator training in October 2025, and 4,207 accounts opened by December 2025.",milestones|timeline|key events|summary,general,https://www.sknis.gov.kn/2025/12/11/aspire-launches-official-social-media-platforms-join-the-movement-to-empower-our-youth/,2025-12-11
ASP-183,Milestones,Ongoing expansion,Is ASPIRE still expanding?,"Yes. The programme continues to expand steadily, using outreach and social media to reach more families and enrol more eligible children.",expansion|ongoing|growing|reach,general,https://www.sknis.gov.kn/2025/12/11/aspire-launches-official-social-media-platforms-join-the-movement-to-empower-our-youth/,2025-12-11
ASP-184,Events,ASPIRE Day,What is ASPIRE Day?,ASPIRE Day is a sign-up and information drive where officials help parents and guardians register children. The first ASPIRE Day in St. Kitts was held on 29 November 2024 at Independence Square.,aspire day|sign-up|event|registration,parent,https://www.sknis.gov.kn/2024/11/28/governments-innovative-aspire-programme-will-help-to-level-the-financial-playing-field-for-all-children-across-st-kitts-and-nevis/,2024-11-29
ASP-185,Events,ASPIRE Day Nevis,Was there an ASPIRE Day in Nevis?,"Yes. An ASPIRE Day was held in Nevis, with officials on hand to help parents register children for the programme.",aspire day nevis|nevis|event|sign-up,parent,https://www.sknis.gov.kn/2024/11/28/governments-innovative-aspire-programme-will-help-to-level-the-financial-playing-field-for-all-children-across-st-kitts-and-nevis/,2024-12-06
ASP-186,Events,Financial Literacy Day,What is ASPIRE Financial Literacy Day?,ASPIRE Financial Literacy Day is a national observance in schools featuring assemblies and presentations by financial experts. The 2025 edition was held on 14 May 2025 under the theme Level Up Your Financial Future.,financial literacy day|event|schools|observance,teacher,https://skncgtoronto.gov.kn/2025/05/08/aspire-financial-literacy-day-2025-set-to-empower-youth-across-saint-kitts-and-nevis/,2025-05-08
ASP-187,Events,Financial Literacy Day theme,What was the theme of Financial Literacy Day 2025?,The theme of ASPIRE Financial Literacy Day 2025 was Level Up Your Financial Future.,theme|level up|2025|financial literacy day,general,https://skncgtoronto.gov.kn/2025/05/08/aspire-financial-literacy-day-2025-set-to-empower-youth-across-saint-kitts-and-nevis/,2025-05-08
ASP-188,Events,Financial Literacy Day activities,What happens on Financial Literacy Day?,"Schools across the Federation hold morning assemblies, roughly 8:30 to 9:30 a.m., with presentations by financial experts, teachers, business leaders and community advocates on budgeting, saving, wise investing and avoiding common financial mistakes.",activities|assemblies|presentations|school,teacher,https://skncgtoronto.gov.kn/2025/05/08/aspire-financial-literacy-day-2025-set-to-empower-youth-across-saint-kitts-and-nevis/,2025-05-08
ASP-189,Events,Educator Training,What are the ASPIRE Educator Training Sessions?,"The ASPIRE Educator Training Sessions, launched with the ECCB on 7 October 2025, prepare teachers to deliver financial literacy, focusing on saving, budgeting and investing.",educator training|teachers|eccb|sessions,teacher,https://www.gov.kn/national-accomplishments/aspire_info/,2025-10-07
ASP-190,Events,Financial Symposium,What is the ASPIRE Financial Symposium?,"The ASPIRE Financial Symposium is a hands-on financial-education event, such as a half-day session for Nevis fifth and sixth form graduates held at the Nevis Performing Arts Centre, aimed at preparing students for adult financial responsibilities.",symposium|event|nevis|graduates,student,https://skncgtoronto.gov.kn/2025/05/08/aspire-financial-literacy-day-2025-set-to-empower-youth-across-saint-kitts-and-nevis/,2026-07-15
ASP-191,Events,School visits,Does the ASPIRE team visit schools?,Yes. The ASPIRE team visits schools across St. Kitts and Nevis during the school year to deliver presentations and support enrolment.,school visits|team|presentations|outreach,teacher,https://www.technology.gov.kn/aspire/,2026-07-30
ASP-192,Events,Independence Square launch,Where was the first big ASPIRE sign-up held?,"The first ASPIRE Day sign-up in St. Kitts was held at Independence Square on 29 November 2024, with large turnout from parents and children.",independence square|sign-up|event|basseterre,parent,https://www.sknis.gov.kn/2024/11/28/governments-innovative-aspire-programme-will-help-to-level-the-financial-playing-field-for-all-children-across-st-kitts-and-nevis/,2024-11-29
ASP-193,Events,Warner Park,What happened at Warner Park for ASPIRE?,"ASPIRE was announced at Warner Park during the Independence 41 National Youth Rally in September 2024, and Warner Park also hosted a Nevis-focused sign-up drive.",warner park|launch|rally|event,general,https://www.sknis.gov.kn/2024/11/28/governments-innovative-aspire-programme-will-help-to-level-the-financial-playing-field-for-all-children-across-st-kitts-and-nevis/,2024-09-13
ASP-194,Events,Community outreach,What community outreach does ASPIRE do?,"ASPIRE runs ASPIRE Day events, school presentations, community activations and public information campaigns to raise awareness and support enrolment.",outreach|community|events|awareness,general,https://www.sknis.gov.kn/2025/12/11/aspire-launches-official-social-media-platforms-join-the-movement-to-empower-our-youth/,2026-07-30
ASP-195,Events,Upcoming events,How do I find out about upcoming ASPIRE events?,"Follow ASPIRE on its social media channels for live updates on ASPIRE Day sign-up drives, community activations and school visits, or check aspire.gov.kn.",upcoming events|schedule|find out|calendar,general,https://www.sknis.gov.kn/2025/12/11/aspire-launches-official-social-media-platforms-join-the-movement-to-empower-our-youth/,2026-07-30
ASP-196,Events,Assembly time,When are Financial Literacy Day assemblies held?,"On Financial Literacy Day, schools hold dynamic morning assemblies between roughly 8:30 and 9:30 a.m. with presentations from financial experts and community leaders.",assembly time|morning|8:30|schedule,teacher,https://skncgtoronto.gov.kn/2025/05/08/aspire-financial-literacy-day-2025-set-to-empower-youth-across-saint-kitts-and-nevis/,2025-05-08
ASP-197,Events,Reel content,Does ASPIRE share event highlights online?,"Yes. ASPIRE shares reels, success stories and event highlights on its social media channels, including Instagram, to keep families engaged and informed.",reels|highlights|video|social media,general,https://www.instagram.com/reel/DavmiplD7mD/,2025-12-11
ASP-198,Social Media,Platforms,Is ASPIRE on social media?,"Yes. ASPIRE officially launched its social media channels on 11 December 2025 and is present on Facebook, Instagram and TikTok.",social media|platforms|facebook|instagram,general,https://www.sknis.gov.kn/2025/12/11/aspire-launches-official-social-media-platforms-join-the-movement-to-empower-our-youth/,2025-12-11
ASP-199,Social Media,Instagram,What is ASPIRE's Instagram handle?,ASPIRE's official Instagram handle is @aspire.skn.,instagram|handle|aspire.skn|social,general,https://www.instagram.com/aspire.skn/,2025-12-11
ASP-200,Social Media,Why social media,Why did ASPIRE launch social media channels?,"The channels are part of a national public-engagement drive to raise awareness, encourage enrolment and share financial-literacy resources with parents, teachers and students across the Federation.",why social media|engagement|awareness|purpose,general,https://www.sknis.gov.kn/2025/12/11/aspire-launches-official-social-media-platforms-join-the-movement-to-empower-our-youth/,2025-12-11
ASP-201,Social Media,Content types,What does ASPIRE post on social media?,"ASPIRE posts step-by-step registration support, tutorial videos, bite-sized financial lessons, classroom materials, live event updates and participant success stories.",content|posts|tutorials|stories,general,https://www.sknis.gov.kn/2025/12/11/aspire-launches-official-social-media-platforms-join-the-movement-to-empower-our-youth/,2025-12-11
ASP-202,Social Media,Follow for updates,How can I get the latest ASPIRE updates?,"Follow ASPIRE on Facebook, Instagram and TikTok, and visit aspire.gov.kn, to get the latest updates, tutorials and event information.",updates|follow|latest|news,general,https://www.sknis.gov.kn/2025/12/11/aspire-launches-official-social-media-platforms-join-the-movement-to-empower-our-youth/,2025-12-11
ASP-203,Social Media,Success stories,Does ASPIRE share participant success stories?,Yes. ASPIRE shares success stories and participant milestones on its channels to inspire wider participation among families.,success stories|milestones|inspiration|families,general,https://www.sknis.gov.kn/2025/12/11/aspire-launches-official-social-media-platforms-join-the-movement-to-empower-our-youth/,2025-12-11
ASP-204,Social Media,TikTok,Is ASPIRE on TikTok?,"Yes. ASPIRE is on TikTok along with Facebook and Instagram, sharing short videos and financial-literacy content.",tiktok|social media|platform|video,general,https://www.sknis.gov.kn/2025/12/11/aspire-launches-official-social-media-platforms-join-the-movement-to-empower-our-youth/,2025-12-11
ASP-205,Social Media,Facebook,Is ASPIRE on Facebook?,Yes. ASPIRE has an official Facebook presence as part of its social media channels launched in December 2025.,facebook|social media|platform|page,general,https://www.sknis.gov.kn/2025/12/11/aspire-launches-official-social-media-platforms-join-the-movement-to-empower-our-youth/,2025-12-11
ASP-206,Social Media,Registration help online,Can I get help signing up through social media?,Yes. ASPIRE's channels provide clear step-by-step registration support and tutorial videos to help parents and guardians with on-the-spot enrolment.,help|registration|online|support,parent,https://www.sknis.gov.kn/2025/12/11/aspire-launches-official-social-media-platforms-join-the-movement-to-empower-our-youth/,2025-12-11
ASP-207,Social Media,Teachers content,Is there ASPIRE social media content for teachers?,Yes. ASPIRE shares bite-sized financial lessons and classroom materials that teachers can use to support the national curriculum.,teachers|classroom|materials|content,teacher,https://www.sknis.gov.kn/2025/12/11/aspire-launches-official-social-media-platforms-join-the-movement-to-empower-our-youth/,2025-12-11
ASP-208,Contact,Email,How do I contact ASPIRE by email?,You can contact the ASPIRE team by email at aspire@gov.kn.,email|contact|aspire@gov.kn|support,general,https://aspire.gov.kn/,2026-07-30
ASP-209,Contact,Phone,What is ASPIRE's phone number?,You can reach ASPIRE by phone at +1 (869) 667-5566 or +1 (869) 762-1947.,phone|number|call|contact,general,https://aspire.gov.kn/,2026-07-30
ASP-210,Contact,General questions,Who do I contact for more questions about ASPIRE?,"For any additional questions or support, contact the ASPIRE team by email at aspire@gov.kn or by phone at +1 (869) 667-5566 or +1 (869) 762-1947.",questions|contact|support|help,general,https://aspire.gov.kn/,2026-07-30
ASP-211,Contact,Website,Where can I find official ASPIRE information?,"Official information, FAQs and registration are available on the ASPIRE website at aspire.gov.kn.",website|official|information|aspire.gov.kn,general,https://aspire.gov.kn/,2026-07-30
ASP-212,Contact,Support hours,Is there in-person support for ASPIRE?,"In-person support is available at ASPIRE Day events, school visits and community activations. You can also reach the team by email or phone for help.",in-person|support|help|events,general,https://www.sknis.gov.kn/2025/12/11/aspire-launches-official-social-media-platforms-join-the-movement-to-empower-our-youth/,2026-07-30
ASP-213,Contact,Registration issues,Who do I contact if I have trouble registering?,"If you have trouble registering, contact the ASPIRE team at aspire@gov.kn or by phone, or seek help at an ASPIRE Day or school event.",registration issues|trouble|help|contact,parent,https://aspire.gov.kn/,2026-07-30
ASP-214,Contact,Account questions,Who can help with questions about my child's account?,"For account questions, contact the ASPIRE team at aspire@gov.kn or by phone. Quarterly statements also provide updates on the account's value.",account questions|help|statement|contact,parent,https://aspire.gov.kn/,2026-07-30
ASP-215,Contact,Feedback,How can I give feedback about ASPIRE?,"You can share feedback with the ASPIRE team by email at aspire@gov.kn, by phone, or through ASPIRE's official social media channels.",feedback|comment|suggestion|contact,general,https://aspire.gov.kn/,2026-07-30
ASP-216,Contact,Reach team at events,Where can I meet the ASPIRE team in person?,You can meet the ASPIRE team at schools across St. Kitts and Nevis during the school year and at ASPIRE Day and community events.,meet team|in person|events|schools,parent,https://www.technology.gov.kn/aspire/,2026-07-30
ASP-217,Contact,Media enquiries,How can media or organisations engage with ASPIRE?,"Media, schools and community partners can reach ASPIRE through the official email aspire@gov.kn or its social media channels to arrange collaboration or coverage.",media|press|organisations|engage,general,https://www.sknis.gov.kn/2025/12/11/aspire-launches-official-social-media-platforms-join-the-movement-to-empower-our-youth/,2026-07-30
ASP-218,Benefits,Main benefits,What are the main benefits of joining ASPIRE?,"Participants receive a EC$500 seeded savings account, a EC$500 investment in local company shares, and financial education, giving them savings, ownership and money skills for life.",benefits|advantages|savings|education,parent,https://aspire.gov.kn/,2026-07-30
ASP-219,Benefits,For my child,How does ASPIRE benefit my child?,"It gives your child a real financial head start, a growing savings account, ownership of shares in local companies, and the knowledge to make smart money decisions throughout life.",benefit child|head start|savings|skills,parent,https://aspire.gov.kn/,2026-07-30
ASP-220,Benefits,Economic empowerment,How does ASPIRE support economic empowerment?,"By giving every eligible child savings, investments and financial education, ASPIRE builds human capital, encourages ownership in the national economy, and strengthens economic inclusivity and resilience.",economic empowerment|inclusion|resilience|economy,general,https://www.gov.kn/national-accomplishments/aspire_info/,2026-07-30
ASP-221,Benefits,Escaping poverty,Can ASPIRE help break the cycle of poverty?,"The programme aims to help young people escape the cycle of poverty by equipping them with financial knowledge, savings and investments from an early age, regardless of their family's background.",poverty|cycle|opportunity|break,general,https://www.gov.kn/national-accomplishments/aspire_info/,2024-12-10
ASP-222,Benefits,National development,How does ASPIRE contribute to national development?,"By preparing financially literate youth who save, invest and own, ASPIRE strengthens the economy and supports the country's long-term development and the Sustainable Island State Agenda.",national development|economy|future|sisa,general,https://www.sknis.gov.kn/2025/12/11/aspire-launches-official-social-media-platforms-join-the-movement-to-empower-our-youth/,2026-07-30
ASP-223,Benefits,Future leaders,How does ASPIRE prepare future leaders?,"ASPIRE invests in the leaders, entrepreneurs and citizens of tomorrow by giving children a solid foundation of savings, future investment and financial education.",future leaders|entrepreneurs|citizens|tomorrow,student,https://www.sknis.gov.kn/2025/12/11/aspire-launches-official-social-media-platforms-join-the-movement-to-empower-our-youth/,2026-07-30
ASP-224,Benefits,Confidence,Does ASPIRE build financial confidence?,"Yes. A core mission of ASPIRE is to help young people build financial confidence, grow their savings and become active participants in the nation's economic future.",confidence|financial confidence|empowerment|mission,student,https://aspire.gov.kn/,2026-07-30
ASP-225,Benefits,Equal opportunity,Does every child get the same opportunity through ASPIRE?,"Yes. Every eligible child receives the same EC$1,000 contribution and access to financial education, levelling the playing field regardless of socioeconomic background.",equal|opportunity|fair|all children,parent,https://www.sknis.gov.kn/2024/11/28/governments-innovative-aspire-programme-will-help-to-level-the-financial-playing-field-for-all-children-across-st-kitts-and-nevis/,2026-07-30
ASP-226,Benefits,Long-term wealth,How does ASPIRE support long-term wealth building?,"By combining seeded savings that earn interest, investments that reinvest dividends, and financial education, ASPIRE helps young people accumulate wealth over the years and beyond the programme.",long-term wealth|building|compound|future,student,https://aspire.gov.kn/,2026-07-30
ASP-227,Benefits,Responsibility,Does ASPIRE teach responsibility?,"Yes. ASPIRE aims to instill values of responsibility and ambition, encouraging young people to save, invest and own so they secure their own futures and strengthen the economy.",responsibility|values|ambition|character,student,https://www.gov.kn/national-accomplishments/aspire_info/,2024-12-10
ASP-228,Benefits,Whole family,Can ASPIRE benefit the whole family?,"Yes. ASPIRE encourages parents and guardians to apply financial lessons at home, so the financial-literacy habits students learn can extend to their families and communities.",family|home|community|habits,parent,https://skncgtoronto.gov.kn/2025/05/08/aspire-financial-literacy-day-2025-set-to-empower-youth-across-saint-kitts-and-nevis/,2026-07-30
ASP-229,Benefits,Why join,Why should I enrol my child in ASPIRE?,"Enrolling gives your child a free EC$1,000 financial head start, a growing savings account, shares in local companies, and lifelong money skills, at no cost to your family.",why join|enrol|reasons|benefits,parent,https://aspire.gov.kn/,2026-07-30
ASP-232,Overview,Country Launched The Aspire Programme,Which country launched the ASPIRE programme?,The ASPIRE programme was launched by the Government of Saint Kitts and Nevis.,country|launched|overview,general,https://aspire.gov.kn/#faqs,2026-07-30
ASP-233,Overview,Is The Primary Objective Of,What is the primary objective of the ASPIRE initiative?,The primary objective is to level the financial playing field for all children foster financial literacy instill positive saving habits and encourage early investment practices.,primary|objective|initiative|overview,general,https://aspire.gov.kn/#faqs,2026-07-30
ASP-234,Overview,Announced The Initial Legislative Passag,Who announced the initial legislative passage of the ASPIRE Bill?,Prime Minister and Minister of Finance the Honourable Dr. Terrance Drew moved and announced the passage of the ASPIRE Bill.,announced|initial|legislative|passage|overview,general,https://www.sknis.gov.kn/2024/11/28/governments-innovative-aspire-programme-will-help-to-level-the-financial-playing-field-for-all-children-across-st-kitts-and-nevis/,2024-11-28
ASP-235,Overview,Is Aspire Considered A Regional,Why is ASPIRE considered a regional first in the Caribbean?,"ASPIRE is the first initiative in the region to combine a government-seeded savings account, direct shares in local government-owned entities, and a national financial-literacy curriculum for all eligible children.",considered|regional|first|caribbean|overview,general,https://aspire.gov.kn/#faqs,2026-07-30
ASP-236,Overview,Was The Aspire Bill 2024,When was the ASPIRE Bill 2024 passed in the National Assembly?,The ASPIRE Bill 2024 was successfully passed during the National Assembly sitting on Thursday November 28 2024.,bill|passed|assembly|overview,general,https://www.sknis.gov.kn/2024/11/28/governments-innovative-aspire-programme-will-help-to-level-the-financial-playing-field-for-all-children-across-st-kitts-and-nevis/,2024-11-28
ASP-237,Overview,Problem Does Aspire Address Regarding,What problem does ASPIRE address regarding young adults entering adulthood?,ASPIRE ensures that children from all socioeconomic backgrounds do not have to begin adulthood from zero by providing them with accumulated savings and investments.,problem|address|regarding|adults|overview,parent,https://www.facebook.com/drterrancedrew/posts/our-children-should-not-have-to-begin-adulthood-from-zerothrough-the-aspire-prog/1500850785396561/,2026-07-30
ASP-238,Overview,Are The Core Pillars Of,What are the core pillars of the ASPIRE framework?,"ASPIRE is built on three pillars: Savings, Investments, and Financial Education. Each participant receives a seeded savings account, an investment stake in local government-owned companies, and age-appropriate financial education.",core|pillars|framework|overview,general,https://aspire.gov.kn/#faqs,2026-07-30
ASP-239,Overview,Long-Term Social Impact Is Aspire,What long-term social impact is ASPIRE expected to create?,ASPIRE aims to build a culture of financial wisdom create wealth equity promote youth entrepreneurship and strengthen national economic resilience for future generations.,long-term|social|impact|expected|overview,general,https://aspire.gov.kn/#faqs,2026-07-30
ASP-240,Eligibility,Is Eligible To Participate In,Who is eligible to participate in the ASPIRE programme?,All child citizens of Saint Kitts and Nevis aged 5 to 18 years old including nationals and citizens by descent are eligible.,eligible|participate|eligibility,parent,https://aspire.gov.kn/#faqs,2026-07-30
ASP-241,Eligibility,Is The Minimum Age Requirement,What is the minimum age requirement for ASPIRE enrolment?,The minimum age requirement for a child to be enrolled in ASPIRE is 5 years old.,minimum|age|requirement|enrolment|eligibility,parent,https://aspire.gov.kn/#faqs,2026-07-30
ASP-242,Eligibility,Is The Maximum Age Cap,What is the maximum age cap for ASPIRE participation?,The maximum age cap for children receiving initial seeding under the programme is 18 years old.,maximum|age|cap|participation|eligibility,parent,https://aspire.gov.kn/#faqs,2026-07-30
ASP-243,Eligibility,Citizens Living Abroad Or By,Are citizens living abroad or by descent eligible for ASPIRE?,"Citizens by descent are eligible alongside children born in the Federation. Participants must reside in Saint Kitts or Nevis; a participant who later relocates abroad can continue in the programme, but specific arrangements must be made with the administrators.",citizens|living|abroad|descent|eligibility,parent,https://aspire.gov.kn/#faqs,2026-07-30
ASP-244,Eligibility,The Aspire Program Restricted To,Is the ASPIRE program restricted to low-income families?,No ASPIRE is a universal national program open to all eligible children in Saint Kitts and Nevis regardless of family background or income level.,restricted|low-income|families|eligibility,parent,https://aspire.gov.kn/#faqs,2026-07-30
ASP-245,Eligibility,Non-Citizen Residents Enroll In Aspire,Can non-citizen residents enroll in ASPIRE?,Enrolment is specifically targeted at youth who hold citizenship or citizenship by descent of Saint Kitts and Nevis.,non-citizen|residents|enroll|eligibility,parent,https://aspire.gov.kn/#faqs,2026-07-30
ASP-246,Eligibility,Parents Need To Pay An,Do parents need to pay an upfront fee to register their child for ASPIRE?,No enrolment and the initial EC$1000 contribution are fully funded by the Government of St. Kitts and Nevis at no cost to parents.,pay|upfront|fee|register|eligibility,parent,https://aspire.gov.kn/#faqs,2026-07-30
ASP-247,Eligibility,Children Living In Nevis Eligible,Are children living in Nevis eligible for the ASPIRE programme?,Yes ASPIRE covers children across both islands in the Federation St. Kitts and Nevis.,living|eligible|eligibility,parent,https://aspire.gov.kn/#faqs,2026-07-30
ASP-248,Eligibility,Documentation Is Needed To Verify,What documentation is needed to verify eligibility during sign-up?,"Proof of the child's citizenship is required, either a Saint Kitts and Nevis birth certificate or a citizenship by descent certificate, along with the parent or guardian's identification. Confirm the current document list at aspire.gov.kn.",documentation|needed|verify|eligibility,parent,https://aspire.gov.kn/#faqs,2026-07-30
ASP-249,Eligibility,A Child Enrolled At Age,Can a child enrolled at age 5 stay in the program until adulthood?,Yes the funds and shares grow and accumulate interest and dividends as the child progresses through school until adulthood.,enrolled|age|stay|until|eligibility,parent,https://aspire.gov.kn/#faqs,2026-07-30
ASP-250,Eligibility,Specific Birth Documents Qualify As,What specific birth documents qualify as proof of citizenship for a child born in St. Kitts and Nevis?,A Saint Kitts and Nevis birth certificate or a valid passport with a birthplace of Saint Kitts or Nevis qualifies.,specific|birth|documents|qualify|eligibility,parent,https://www.sknis.gov.kn/2025/07/08/the-cable-and-aspire-programme-partner-to-offer-daily-registration-support-for-families/,2026-07-30
ASP-251,Eligibility,Proof Of Address Documents Are,What proof of address documents are accepted for ASPIRE registration?,"Registration may also ask for proof of address dated within about three months, such as a recent utility bill, bank statement, or lease agreement. Confirm the current requirements at aspire.gov.kn.",proof|address|documents|accepted|eligibility,parent,https://www.sknis.gov.kn/2025/07/08/the-cable-and-aspire-programme-partner-to-offer-daily-registration-support-for-families/,2026-07-30
ASP-252,Overview,Total Monetary Grant Does Each,What total monetary grant does each eligible child receive under ASPIRE?,Each eligible child receives a total contribution of EC$1000 from the Government of St. Kitts and Nevis.,total|monetary|grant|eligible|overview,parent,https://aspire.gov.kn/#faqs,2026-07-30
ASP-253,Overview,Is The Ec$1000 Government Contribution,How is the EC$1000 government contribution split?,The EC$1000 contribution is split into EC$500 for a savings account and EC$500 invested in shares of local government-owned entities.,ec$1000|contribution|split|overview,parent,https://aspire.gov.kn/#faqs,2026-07-30
ASP-254,Overview,Portion Of The Aspire Grant,What portion of the ASPIRE grant goes into savings?,EC$500 is deposited into a savings account at St. Kitts-Nevis-Anguilla National Bank.,portion|grant|goes|savings|overview,parent,https://aspire.gov.kn/#faqs,2026-07-30
ASP-255,Overview,Portion Of The Aspire Grant,What portion of the ASPIRE grant goes into investment shares?,EC$500 is allocated to purchase shares in government-owned entities on behalf of the child.,portion|grant|goes|investment|overview,parent,https://aspire.gov.kn/#faqs,2026-07-30
ASP-256,Overview,Funds The Initial Aspire Grant,Who funds the initial ASPIRE grant?,The initial seed capital is fully provided and funded by the Government of Saint Kitts and Nevis through the ASPIRE Fund.,funds|initial|grant|overview,general,https://aspire.gov.kn/#faqs,2026-07-30
ASP-257,Overview,Parents Or Relatives Add Additional,Can parents or relatives add additional money to the child's ASPIRE savings account?,Yes parents guardians and relatives are encouraged to make additional personal deposits to grow the child's savings balance.,relatives|add|additional|money|overview,parent,https://aspire.gov.kn/#faqs,2026-07-30
ASP-258,Overview,The Ec$500 Savings Account Start,Does the EC$500 savings account start earning interest immediately?,Yes the seeded savings accounts are active and begin earning interest immediately upon account setup.,ec$500|savings|account|start|overview,parent,https://aspire.gov.kn/#faqs,2026-07-30
ASP-259,Overview,Is The Investment-Shares Component Broug,When is the investment-shares component brought on stream?,The investment-shares component is scheduled to be brought on stream in 2026.,investment-shares|component|brought|stream|overview,general,https://aspire.gov.kn/#faqs,2025-12-11
ASP-260,Overview,Currency Is Used For The,What currency is used for the ASPIRE grant allocations?,All grant amounts are calculated and distributed in Eastern Caribbean Dollars (EC$).,currency|used|grant|allocations|overview,parent,https://aspire.gov.kn/#faqs,2026-07-30
ASP-261,Overview,There Tax Obligations On The,Are there tax obligations on the initial EC$1000 government grant for the child?,The initial government grant is a fully funded endowment provided to the eligible child. Saint Kitts and Nevis levies no personal income tax; confirm any specific details with the programme.,there|tax|obligations|initial|overview,general,https://aspire.gov.kn/#faqs,2026-07-30
ASP-262,Savings,Financial Institution Holds The Aspire,Which financial institution holds the ASPIRE savings accounts?,The savings accounts are opened at the St. Kitts-Nevis-Anguilla National Bank.,financial|institution|holds|savings,parent,https://aspire.gov.kn/#faqs,2026-07-30
ASP-263,Savings,Many Aspire Bank Accounts Were,How many ASPIRE bank accounts were opened by December 2025?,By December 11 2025 over 4207 ASPIRE bank accounts had already been opened.,many|accounts|opened|december|savings,parent,https://www.sknis.gov.kn/2025/12/11/aspire-launches-official-social-media-platforms-join-the-movement-to-empower-our-youth/,2025-12-11
ASP-264,Savings,Role Does National Bank Play,What role does National Bank play in the ASPIRE program?,National Bank acts as the primary banking partner providing account setup interest yields and secure financial processing.,role|play|savings,parent,https://aspire.gov.kn/#faqs,2026-07-30
ASP-265,Savings,Children Withdraw Money From Their,Can children withdraw money from their ASPIRE savings account anytime?,The savings accounts are designed with specific governance rules to encourage long-term savings and financial discipline until maturity.,withdraw|money|savings|account,parent,https://aspire.gov.kn/#faqs,2026-07-30
ASP-266,Savings,Does The Savings Account Help,How does the savings account help children learn practical money skills?,It provides hands-on banking experience allowing students to track interest earnings account balances and practice regular saving habits.,savings|account|help|learn,student,https://aspire.gov.kn/#faqs,2026-07-30
ASP-267,Savings,The Aspire Bank Accounts Opened,Are the ASPIRE bank accounts opened securely?,Yes the Task Force collaborates with the Department of ICT and National Bank to ensure quick and secure account opening.,accounts|opened|securely|savings,parent,https://aspire.gov.kn/#faqs,2026-07-30
ASP-268,Savings,Parents Track Their Child'S Aspire,Can parents track their child's ASPIRE bank account balance online?,Yes through standard banking channels and registration updates provided via the ASPIRE framework.,track|account|balance|online|savings,parent,https://aspire.gov.kn/#faqs,2026-07-30
ASP-269,Savings,Happens To The Savings Account,What happens to the savings account interest over time?,Interest compounds over time increasing the total wealth available to the young citizen upon reaching adulthood.,happens|savings|account|interest,student,https://aspire.gov.kn/#faqs,2026-07-30
ASP-270,Savings,A Bank Account Automatically Opened,Is a bank account automatically opened upon registering for ASPIRE?,Yes completing registration at aspire.gov.kn or at registration drives initiates the bank account opening process.,account|automatically|opened|registering|savings,parent,https://aspire.gov.kn/#faqs,2026-07-30
ASP-271,Savings,Did The Government Partner With,Why did the government partner with local banks for ASPIRE?,To integrate young citizens directly into the formal financial system and promote early financial inclusion across St. Kitts and Nevis.,partner|local|banks|savings,parent,https://aspire.gov.kn/#faqs,2026-07-30
ASP-272,Investments,Types Of Entities Will The,What types of entities will the EC$500 investment component purchase shares in?,The funds will be invested in shares of local government-owned entities and public enterprises.,types|entities|ec$500|investment|investments,student,https://aspire.gov.kn/#faqs,2026-07-30
ASP-273,Investments,Is The Main Purpose Of,What is the main purpose of giving young people an investment stake in public entities?,To introduce youth to equity ownership dividend building and long-term asset accumulation from an early age.,main|purpose|giving|investment|investments,student,https://aspire.gov.kn/#faqs,2026-07-30
ASP-274,Investments,Will The Share Investment Rollout,When will the share investment rollout take place?,The official rollout of the investment-shares component is planned for 2026.,share|investment|rollout|place|investments,student,https://aspire.gov.kn/#faqs,2025-12-11
ASP-275,Investments,Does Stock Ownership Benefit Children,How does stock ownership benefit children as they grow up?,It gives them real skin in the national economy teaching them how corporate growth dividends and capital appreciation generate wealth.,stock|ownership|benefit|grow|investments,student,https://aspire.gov.kn/#faqs,2026-07-30
ASP-276,Investments,Manages The Investment Portfolio For,Who manages the investment portfolio for ASPIRE beneficiaries?,The ASPIRE Council and financial managers oversee the investment strategy and fund stewardship.,manages|investment|portfolio|beneficiaries|investments,student,https://aspire.gov.kn/#faqs,2026-07-30
ASP-277,Investments,Beneficiaries Receive Progress Updates A,Will beneficiaries receive progress updates about their share investments?,Yes official updates on investment rollout and performance will be communicated via aspire.gov.kn and ASPIRE media channels.,beneficiaries|progress|updates|share|investments,student,https://aspire.gov.kn/#faqs,2026-07-30
ASP-278,Investments,Beneficiaries Choose Individual Stocks T,Can beneficiaries choose individual stocks themselves at age 5?,No the EC$500 investment pool is managed centrally into designated public entity shares to protect and grow value for all participants.,beneficiaries|choose|individual|stocks|investments,student,https://aspire.gov.kn/#faqs,2026-07-30
ASP-279,Investments,Does The Investment Component Align,How does the investment component align with national development goals?,It fosters economic democracy by distributing ownership of public assets among all children in Saint Kitts and Nevis.,investment|component|align|development|investments,student,https://aspire.gov.kn/#faqs,2026-07-30
ASP-280,Investments,Financial Concept Does The Share,What financial concept does the share allocation teach students?,It teaches basic investing principles share capital equity ownership dividend returns and portfolio growth.,financial|concept|share|allocation|investments,student,https://aspire.gov.kn/#faqs,2026-07-30
ASP-281,Investments,The Investment Component Active Prior,Is the investment component active prior to 2026?,While savings accounts were active earlier the investment share component is scheduled for full activation in 2026.,investment|component|active|prior|investments,student,https://aspire.gov.kn/#faqs,2025-12-11
ASP-282,Governance,Piece Of Legislation Officially Establis,What piece of legislation officially established the ASPIRE programme?,The ASPIRE Bill 2024 officially established the programme after passage in Parliament.,piece|legislation|officially|established|governance,general,https://www.sknis.gov.kn/2024/11/28/governments-innovative-aspire-programme-will-help-to-level-the-financial-playing-field-for-all-children-across-st-kitts-and-nevis/,2024-11-28
ASP-283,Governance,Administrative Body Is Created By,What administrative body is created by the ASPIRE legislation to manage the program?,The legislation creates the ASPIRE Council and the ASPIRE Fund to govern and manage the program.,administrative|body|created|legislation|governance,general,https://aspire.gov.kn/#faqs,2024-11-28
ASP-285,Governance,Ministry Introduced The Aspire Legislati,Which Ministry introduced the ASPIRE legislation in Parliament?,The Ministry of Finance headed by Prime Minister Hon. Dr. Terrance Drew introduced the legislation.,ministry|introduced|legislation|parliament|governance,general,https://www.sknis.gov.kn/2024/11/28/governments-innovative-aspire-programme-will-help-to-level-the-financial-playing-field-for-all-children-across-st-kitts-and-nevis/,2024-11-28
ASP-286,Governance,Role Does The Aspire Council,What role does the ASPIRE Council play?,The ASPIRE Council oversees fund governance asset management educational integration and program evaluation.,role|council|play|governance,general,https://aspire.gov.kn/#faqs,2026-07-30
ASP-287,Partners,Government Departments Collaborate With ,Which government departments collaborate with the ASPIRE Task Force?,"Key partners include the Ministry of Education, the Department of Information Technology, and the St. Kitts-Nevis-Anguilla National Bank, among other government agencies working with the ASPIRE Task Force.",departments|collaborate|task|force|partners,general,https://aspire.gov.kn/#faqs,2026-07-30
ASP-288,Governance,Does The Legislation Guarantee Equal,How does the legislation guarantee equal funding for all children?,The ASPIRE Act mandates equal seed capital of EC$1000 for every registered eligible child without discrimination.,legislation|guarantee|equal|funding|governance,general,https://aspire.gov.kn/#faqs,2024-11-28
ASP-289,Governance,Is The Purpose Of The,What is the purpose of the ASPIRE Fund?,The ASPIRE Fund holds government allocations manage investment assets and disburse project benefits securely.,purpose|fund|governance,general,https://aspire.gov.kn/#faqs,2024-11-28
ASP-290,Governance,Does Government Oversight Protect Childr,How does government oversight protect children's ASPIRE funds?,Strict legislative safeguards statutory reporting and Council oversight prevent unauthorized access or misapplication of assets.,oversight|protect|funds|governance,general,https://aspire.gov.kn/#faqs,2026-07-30
ASP-291,Governance,National Policy Framework Supports Aspir,What national policy framework supports ASPIRE?,ASPIRE aligns with the Sustainable Island State Agenda promoting economic empowerment financial inclusion and human capital development.,policy|framework|supports|governance,general,https://aspire.gov.kn/#faqs,2026-07-30
ASP-292,Application,Can Parents Register Their Children,Where can parents register their children for ASPIRE online?,Parents can register online at the official portal aspire.gov.kn.,register|online|application,parent,https://aspire.gov.kn/#faqs,2026-07-30
ASP-293,Application,In-Person Registration Options Available,Are in-person registration options available for ASPIRE?,Yes in-person assistance is provided through school visits community activations and ASPIRE Day events across St. Kitts and Nevis.,in-person|registration|options|available|application,parent,https://aspire.gov.kn/#faqs,2026-07-30
ASP-294,Application,Portal Developed By The Department,What portal developed by the Department of Information Technology supports ASPIRE?,The Department of IT created and maintains the online registration platform at aspire.gov.kn.,portal|developed|department|information|application,parent,https://www.technology.gov.kn/aspire/,2026-07-30
ASP-295,Application,Is Responsible For Filling Out,Who is responsible for filling out the ASPIRE registration form for minor children?,A parent or legal guardian completes the enrolment form on behalf of the minor child.,responsible|filling|out|registration|application,parent,https://aspire.gov.kn/#faqs,2026-07-30
ASP-296,Application,Assistance Is Provided On Social,What assistance is provided on social media for registration?,ASPIRE social platforms feature step-by-step registration guides and video tutorials to help parents complete enrolment.,assistance|provided|social|media|application,parent,https://aspire.gov.kn/#faqs,2026-07-30
ASP-297,Application,Registration Be Completed Directly At,Can registration be completed directly at participating schools?,Yes the ASPIRE team visits primary and secondary schools across St. Kitts and Nevis to assist parents and students on site.,registration|completed|directly|participating|application,parent,https://aspire.gov.kn/#faqs,2026-07-30
ASP-299,Application,Physical Walk-In Center Offers Daily,What physical Walk-in center offers daily registration support in Basseterre?,The Cable Office on Cayon Street in Basseterre offers daily walk-in support for ASPIRE enrolment.,physical|walk-in|center|offers|application,parent,https://www.sknis.gov.kn/2025/07/08/the-cable-and-aspire-programme-partner-to-offer-daily-registration-support-for-families/,2025-07-08
ASP-300,Application,Are The Operating Hours For,What are the operating hours for ASPIRE support at The Cable Office?,Walk-in support at The Cable Office is available Monday to Friday from 9:00 AM to 3:00 PM.,operating|hours|support|cable|application,parent,https://www.sknis.gov.kn/2025/07/08/the-cable-and-aspire-programme-partner-to-offer-daily-registration-support-for-families/,2025-07-08
ASP-301,Application,Parents Edit Existing Aspire Application,Can parents edit existing ASPIRE applications at support centers?,Yes parents can edit existing applications check status and ask eligibility questions at support centers.,edit|existing|applications|support|application,parent,https://www.sknis.gov.kn/2025/07/08/the-cable-and-aspire-programme-partner-to-offer-daily-registration-support-for-families/,2025-07-08
ASP-302,Application,Parents Register Multiple Eligible Child,Can parents register multiple eligible children under one household?,Yes parents can register each eligible child individually to ensure every child receives their EC$1000 grant.,register|multiple|eligible|one|application,parent,https://aspire.gov.kn/#faqs,2026-07-30
ASP-303,Application,Support Is Available If Parents,What support is available if parents encounter technical difficulty online?,Parents can contact the ASPIRE helpline email aspire@gov.kn or call hotline 465-2588 for support.,support|available|encounter|technical|application,parent,https://aspire.gov.kn/#faqs,2025-07-08
ASP-304,Financial Education,Does Prime Minister Drew Consider,Why does Prime Minister Drew consider financial education the most important component of ASPIRE?,Because it indoctrinates a lifelong culture of financial wisdom decision-making confidence and money management skills that last permanently.,prime|minister|drew|consider|financial education,general,https://www.sknis.gov.kn/2024/11/28/governments-innovative-aspire-programme-will-help-to-level-the-financial-playing-field-for-all-children-across-st-kitts-and-nevis/,2026-07-30
ASP-305,Financial Education,Is Financial Literacy Integrated Into,How is financial literacy integrated into schools under ASPIRE?,Financial education is delivered through structured age-appropriate curriculum modules integrated into school instruction.,financial|literacy|integrated|schools|financial education,teacher,https://aspire.gov.kn/#faqs,2026-07-30
ASP-306,Financial Education,Key Financial Subjects Are Covered,What key financial subjects are covered in the ASPIRE educational materials?,Topics include budgeting methods saving strategies wise investment techniques avoiding financial errors and debt management.,key|financial|subjects|covered|financial education,teacher,https://aspire.gov.kn/#faqs,2026-07-30
ASP-307,Financial Education,Role Do Teachers Play In,What role do teachers play in the ASPIRE program?,Teachers utilize classroom materials and bite-sized financial lessons provided by ASPIRE to support national learning objectives.,role|teachers|play|financial education,teacher,https://aspire.gov.kn/#faqs,2026-07-30
ASP-308,Financial Education,Educational Resources Available For Pare,Are educational resources available for parents to use at home?,Yes ASPIRE offers bite-sized digital lessons social media videos and guides for parents to reinforce money lessons at home.,educational|resources|available|home|financial education,parent,https://aspire.gov.kn/#faqs,2026-07-30
ASP-309,Financial Education,Age Groups Are Targeted By,What age groups are targeted by the ASPIRE financial literacy curriculum?,The curriculum is tailored for children and youth aged 5 through 18 across primary and secondary school levels.,age|groups|targeted|financial|financial education,teacher,https://aspire.gov.kn/#faqs,2026-07-30
ASP-310,Financial Education,Does Aspire Aim To Prevent,How does ASPIRE aim to prevent common youth financial mistakes?,By teaching early concepts of compound interest credit evaluation avoiding impulse spending and distinguishing needs from wants.,aim|prevent|common|financial|financial education,student,https://aspire.gov.kn/#faqs,2026-07-30
ASP-311,Financial Education,Delivers Guest Presentations During Scho,Who delivers guest presentations during school financial literacy events?,Financial experts business leaders experienced educators and community advocates conduct presentations and workshops.,delivers|guest|presentations|school|financial education,teacher,https://skncgtoronto.gov.kn/2025/05/08/aspire-financial-literacy-day-2025-set-to-empower-youth-across-saint-kitts-and-nevis/,2026-07-30
ASP-312,Financial Education,Expanded Educational Modules Are Schedul,What expanded educational modules are scheduled for rollout in 2026?,"ASPIRE continues to expand its financial-education offerings over time, building on core topics such as budgeting, saving, investing and entrepreneurship. Check aspire.gov.kn for the latest curriculum updates.",expanded|educational|modules|scheduled|financial education,teacher,https://aspire.gov.kn/#faqs,2026-07-30
ASP-313,Financial Education,Does Aspire Promote Youth Entrepreneursh,How does ASPIRE promote youth entrepreneurship?,By providing foundational business literacy seed funds awareness and practical investment exposure early in life.,promote|entrepreneurship|financial education,student,https://aspire.gov.kn/#faqs,2026-07-30
ASP-314,Events,Was The First Official Aspire,When was the first official ASPIRE Day held in St. Kitts?,The first ASPIRE Day in St. Kitts took place on Friday November 29 2024 at Independence Square in Basseterre.,first|official|day|held|events,general,https://www.sknis.gov.kn/2024/11/28/governments-innovative-aspire-programme-will-help-to-level-the-financial-playing-field-for-all-children-across-st-kitts-and-nevis/,2024-11-29
ASP-315,Events,Was Aspire Day Held In,When was ASPIRE Day held in Nevis?,ASPIRE Day in Nevis was celebrated on Friday December 06 2024.,day|held|events,general,https://www.sknis.gov.kn/2024/11/28/governments-innovative-aspire-programme-will-help-to-level-the-financial-playing-field-for-all-children-across-st-kitts-and-nevis/,2024-12-06
ASP-316,Events,Activities Occurred During Aspire Day,What activities occurred during ASPIRE Day at Independence Square?,Officials provided program information answered community questions and helped parents register children on the spot.,activities|occurred|day|independence|events,general,https://www.sknis.gov.kn/2024/11/28/governments-innovative-aspire-programme-will-help-to-level-the-financial-playing-field-for-all-children-across-st-kitts-and-nevis/,2024-11-29
ASP-318,Events,On What Date Was Aspire,On what date was ASPIRE Financial Literacy Day 2025 observed?,ASPIRE Financial Literacy Day 2025 was observed on Wednesday May 14 2025.,date|financial|literacy|day|events,general,https://skncgtoronto.gov.kn/2025/05/08/aspire-financial-literacy-day-2025-set-to-empower-youth-across-saint-kitts-and-nevis/,2025-05-08
ASP-319,Events,Morning Activities Were Conducted In,What morning activities were conducted in schools during Financial Literacy Day 2025?,Schools conducted special morning assemblies between 8:30 and 9:30 AM featuring financial expert presentations and interactive sessions.,morning|activities|conducted|schools|events,general,https://skncgtoronto.gov.kn/2025/05/08/aspire-financial-literacy-day-2025-set-to-empower-youth-across-saint-kitts-and-nevis/,2025-05-08
ASP-320,Milestones,Milestone In Account Openings Was,What milestone in account openings was achieved by late 2025?,Over 4207 ASPIRE bank accounts had been successfully opened for young beneficiaries across the Federation by December 2025.,milestone|account|openings|achieved|milestones,general,https://www.sknis.gov.kn/2025/12/11/aspire-launches-official-social-media-platforms-join-the-movement-to-empower-our-youth/,2025-12-11
ASP-321,Events,Were The Official Aspire Social,When were the official ASPIRE social media channels launched?,The official social media platforms were launched on December 11 2025.,official|social|media|channels|events,general,https://www.sknis.gov.kn/2025/12/11/aspire-launches-official-social-media-platforms-join-the-movement-to-empower-our-youth/,2025-12-11
ASP-322,Events,Community Engagement Events Are Conducte,What community engagement events are conducted regularly by the ASPIRE Task Force?,The Task Force conducts school visits community activations pop-up registration booths and financial literacy workshops.,community|engagement|events|conducted,general,https://aspire.gov.kn/#faqs,2026-07-30
ASP-323,Events,Does Aspire Financial Literacy Day,How does ASPIRE Financial Literacy Day engage the wider public?,By extending financial conversations beyond classrooms into homes communities businesses and national media channels.,financial|literacy|day|engage|events,general,https://skncgtoronto.gov.kn/2025/05/08/aspire-financial-literacy-day-2025-set-to-empower-youth-across-saint-kitts-and-nevis/,2026-07-30
ASP-324,Social Media,Is The Official Aspire Facebook,What is the official ASPIRE Facebook handle?,The official Facebook page is facebook.com/aspire.skn.,official|facebook|handle|social media,general,https://aspire.gov.kn/#faqs,2025-12-11
ASP-325,Social Media,Is The Official Aspire Instagram,What is the official ASPIRE Instagram handle?,The official Instagram handle is instagram.com/aspire.skn (@aspire.skn).,official|instagram|handle|social media,general,https://aspire.gov.kn/#faqs,2025-12-11
ASP-326,Social Media,Is The Official Aspire Tiktok,What is the official ASPIRE TikTok handle?,The official TikTok handle is tiktok.com/@aspire.skn (@aspire.skn).,official|tiktok|handle|social media,general,https://aspire.gov.kn/#faqs,2025-12-11
ASP-327,Contact,Is The Official Email Address,What is the official email address for ASPIRE inquiries?,The official email address is aspire@gov.kn.,official|email|address|inquiries|contact,general,https://aspire.gov.kn/#faqs,2026-07-30
ASP-328,Contact,Official Telephone Contact Numbers Are,What official telephone contact numbers are available for ASPIRE support?,Official contact numbers are +1 (869) 667-5566 +1 (869) 762-1947 and Hotline 465-2588.,official|telephone|contact|numbers,general,https://aspire.gov.kn/#faqs,2025-07-08
ASP-329,Social Media,Content Is Posted On Aspire,What content is posted on ASPIRE social media channels?,Channels feature registration support tutorial videos financial lessons event announcements and participant success stories.,content|posted|social|media|social media,general,https://aspire.gov.kn/#faqs,2025-12-11
ASP-330,Social Media,Did Aspire Launch Official Social,Why did ASPIRE launch official social media platforms?,To meet parents guardians and students online demystify savings and investing and make enrolment guidance widely accessible.,launch|official|social|media|social media,general,https://aspire.gov.kn/#faqs,2025-12-11
ASP-331,Social Media,Can Parents Find Step-By-Step Video,Where can parents find step-by-step video tutorials for ASPIRE enrolment?,Tutorial video series are available on ASPIRE official social media platforms (Facebook Instagram TikTok) and aspire.gov.kn.,find|step-by-step|video|tutorials|social media,general,https://aspire.gov.kn/#faqs,2026-07-30
ASP-332,Social Media,Department'S Website Shares Tech News,Which department's website shares tech news about ASPIRE registration drives?,The Department of Information Technology website at technology.gov.kn.,department|website|shares|tech|social media,general,https://www.technology.gov.kn/aspire/,2026-07-30
ASP-333,Social Media,Can Citizens Stay Updated On,How can citizens stay updated on the 2026 investment rollout?,By following ASPIRE social media handles and visiting the official portal at aspire.gov.kn.,citizens|stay|updated|investment|social media,general,https://aspire.gov.kn/#faqs,2026-07-30
ASP-334,Social Media,Role Does Sknis Play In,What role does SKNIS play in promoting ASPIRE?,St. Kitts & Nevis Information Service (SKNIS) distributes official press releases announcements and video features on ASPIRE.,role|sknis|play|promoting|social media,general,https://www.sknis.gov.kn/2024/11/28/governments-innovative-aspire-programme-will-help-to-level-the-financial-playing-field-for-all-children-across-st-kitts-and-nevis/,2026-07-30
ASP-335,Contact,Can Members Of The Diaspora,Where can members of the diaspora get information about ASPIRE?,Through the Ministry of Foreign Affairs SKN Consulate portals (e.g. skncgtoronto.gov.kn) and aspire.gov.kn.,members|diaspora|information|contact,general,https://skncgtoronto.gov.kn/2025/05/08/aspire-financial-literacy-day-2025-set-to-empower-youth-across-saint-kitts-and-nevis/,2026-07-30
ASP-336,Financial Education,Can Teachers Access Aspire Classroom,How can teachers access ASPIRE classroom materials online?,Teachers can download bite-sized lessons and financial literacy resources via aspire.gov.kn and official media updates.,teachers|access|classroom|materials|financial education,teacher,https://aspire.gov.kn/#faqs,2026-07-30
ASP-337,Social Media,Hashtag Is Used To Track,What hashtag is used to track ASPIRE news and stories?,"ASPIRE shares news and stories through its official channels. Follow @aspire.skn on Facebook, Instagram and TikTok and check its posts for the current campaign hashtags.",hashtag|used|track|news|social media,general,https://www.technology.gov.kn/aspire/,2026-07-30
ASP-338,Contact,Can Parents Submit Questions Directly,Where can parents submit questions directly to the ASPIRE Task Force?,Questions can be emailed to aspire@gov.kn or sent via direct message to @aspire.skn on Facebook or Instagram.,submit|questions|directly|task|contact,general,https://aspire.gov.kn/#faqs,2026-07-30