id,slug,title,domain,band_min,band_max,status,source_kb_ids,aliases,widget_hints,check_items,body_5_8,body_9_12,body_13_15,body_16_18,body_adult,local_example,misconceptions,numeric_anchors,review_note
CON-0001,aspire_definition_acronym,ASPIRE programme definition and acronym,aspire_programme,9-12,adult,needs_review,ASP-002,what ASPIRE is | ASPIRE meaning | what ASPIRE stands for | the ASPIRE programme | ASPIRE explained,reveal_cards sort_buckets flow_diagram,12,,"ASPIRE is a short name with a longer meaning. ASPIRE stands for Achieving Success through Personal Investment, Resources, and Education. If someone asks what ASPIRE means, this full phrase is the answer.

Each main letter helps you remember the phrase. A goes with Achieving, S with Success, P with Personal, I with Investment, R with Resources, and E with Education. The words through and and also belong in the full phrase, so include them when you write it.","ASPIRE is an acronym, so the letters stand for words in a longer phrase. The full meaning is Achieving Success through Personal Investment, Resources, and Education. This is the definition to use when someone asks what ASPIRE stands for.

You can break the acronym into letter cues: A is Achieving, S is Success, P is Personal, I is Investment, R is Resources, and E is Education. The full phrase also includes through and and, so the complete answer is not just a list of six separate words.

For this concept, do not add extra programme details to the definition. The supported answer is the acronym expansion itself: Achieving Success through Personal Investment, Resources, and Education.","ASPIRE is an acronym. It stands for Achieving Success through Personal Investment, Resources, and Education. That full phrase is the definition of the name for this concept, and it should be written in that order.

The letters act as memory cues. A connects to Achieving, S to Success, P to Personal, I to Investment, R to Resources, and E to Education. The words through and and are still part of the full expansion, even though they are not the main letters in ASPIRE.

This definition answers one specific question: what does ASPIRE stand for? It does not, by itself, give rules, payment amounts, application steps, or eligibility details. If you are explaining the acronym, the complete supported answer is Achieving Success through Personal Investment, Resources, and Education.","ASPIRE is an acronym: it stands for Achieving Success through Personal Investment, Resources, and Education. That full phrase is the supported definition for this concept. When the name appears in teaching material, use the expansion exactly as written, because changing one word changes what the acronym is said to stand for.

The letters can be read as A for Achieving, S for Success, P for Personal, I for Investment, R for Resources, and E for Education. The word through and the word and are part of the full phrase, so they should stay in the expansion even though they are not the main letters of ASPIRE.

This definition does not, by itself, state programme rules, EC$ amounts, application steps, or eligibility. It only answers the acronym question: what does ASPIRE stand for? The answer is Achieving Success through Personal Investment, Resources, and Education.","On a St. Kitts and Nevis worksheet about EC$20 of school supplies, a question may ask what ASPIRE means. The answer is Achieving Success through Personal Investment, Resources, and Education.","[{""wrong"": ""ASPIRE is only a word with no longer meaning."", ""right"": ""ASPIRE stands for Achieving Success through Personal Investment, Resources, and Education.""}, {""wrong"": ""The I in ASPIRE can be replaced with any similar word."", ""right"": ""In the ASPIRE expansion, I comes from Investment.""}, {""wrong"": ""The acronym definition also explains programme rules and payment amounts."", ""right"": ""The supported definition only says that ASPIRE stands for Achieving Success through Personal Investment, Resources, and Education.""}]","{""example_school_supplies_xcd"": 20, ""aspire_main_letters"": 6}",only 1 source row(s)
CON-0002,aspire_purpose_vision,ASPIRE’s purpose and long-term vision,aspire_programme,9-12,adult,draft,ASP-003 ASP-008 ASP-009 ASP-015 ASP-018 ASP-025 ASP-180 ASP-235,why ASPIRE exists | goal of ASPIRE | helping children get a fair start | building family wealth | ownership mindset | Sustainable Island State Agenda link,flow_diagram reveal_cards compare,12,,"ASPIRE exists to help eligible children in Saint Kitts and Nevis get a stronger financial start. It does this by bringing together real savings, company shares, and financial education. The goal is not just to give children something to own, but to help them learn how money choices work as they grow.

ASPIRE is meant to make opportunity fairer. Every eligible child can receive a bank account and company shares from an early age, including children whose families may not have had access to those opportunities before. The long-term vision is for young people to become more financially informed, make sound decisions, build wealth, and take part in the country’s economic future.","ASPIRE’s purpose is to give eligible young people in Saint Kitts and Nevis a fairer start in building financial knowledge and wealth. It combines a government-seeded savings account, direct shares in local government-owned entities, and financial education. That combination matters because it connects learning about money with real savings and ownership from an early age.

The programme is also about the country’s future. ASPIRE aims to help youth become active participants in Saint Kitts and Nevis’s economic future, not just people who watch decisions happen around them. Officials describe it as a first-of-its-kind initiative in the region, and it stands as a sign of the government’s commitment to the nation’s youth.

Its long-term vision is a more financially informed and independent generation. The expected outcome is young people who can build wealth, make sound decisions, and contribute to national prosperity.","ASPIRE exists because financial opportunity is not only about having money today. It is also about learning how savings, ownership, and decisions can shape a person’s future. For every eligible child, ASPIRE brings together a government-seeded savings account, direct shares in local government-owned entities, and a national financial-literacy curriculum. This makes the programme more than a single benefit; it is a structure for early financial participation.

One purpose is to level the financial playing field. Some opportunities, such as having savings and owning shares from a young age, have traditionally been easier for privileged families to access. ASPIRE opens those opportunities to every eligible child, while also teaching financial literacy so young people can understand what they own and how choices affect long-term outcomes.

The wider vision is national. ASPIRE supports a future generation that is more financially informed and independent, able to build wealth, make sound decisions, and contribute to national prosperity. It is also described by officials as a first-of-its-kind youth financial programme in the region, with Saint Kitts and Nevis presented as a model of innovation.","ASPIRE’s purpose is to build financial capability and opportunity into a young person’s life from the beginning. The programme combines three linked elements for every eligible child: a government-seeded savings account, direct shares in local government-owned entities, and a national financial-literacy curriculum. Its goal is to empower the nation’s youth through financial literacy, real savings, and smart early investments, so they can develop stronger financial foundations and take part in the country’s economic future.

A central idea is fairness. ASPIRE is designed to level the financial playing field by opening access to savings and share ownership from an early age, including opportunities that were traditionally available mainly to privileged families. The financial education component is especially important: Prime Minister Dr. Drew has said it is the most important part because it builds a culture of financial wisdom that can last a lifetime.

The long-term vision is a more financially informed and independent generation that can build wealth, make sound decisions, and contribute to national prosperity. Officials also describe ASPIRE as the first initiative of its kind in the region, making Saint Kitts and Nevis a regional model for youth-focused financial innovation.","A student in Basseterre thinking about an EC$20 school-supplies purchase can use ASPIRE to see a bigger idea: the programme is not just about one purchase, but about savings, share ownership, and financial education for an eligible child.","[{""wrong"": ""ASPIRE is only a savings account."", ""right"": ""ASPIRE combines a government-seeded savings account, direct shares in local government-owned entities, and a national financial-literacy curriculum.""}, {""wrong"": ""ASPIRE is mainly for children from privileged families."", ""right"": ""ASPIRE is meant to level the financial playing field by giving every eligible child access to a bank account and company shares from an early age.""}, {""wrong"": ""The main value of ASPIRE is just the money or shares."", ""right"": ""Financial education is central; Prime Minister Dr. Drew has described it as the most important part because it builds financial wisdom for life.""}]","{""school_supplies_xcd"": 20}",
CON-0003,aspire_pillars_learning,ASPIRE pillars and financial learning,aspire_programme,9-12,adult,draft,ASP-004 ASP-238 FIN-352,three parts of ASPIRE | ASPIRE pillars | money lessons in ASPIRE | not just a bank account | financial literacy part | skills ASPIRE teaches,reveal_cards compare sort_buckets,12,,"ASPIRE has three pillars. A pillar is a main part of the programme. The three pillars are Savings, Investments, and Financial Education.

For Savings, each participant receives a seeded savings account. Seeded means the account is started for the participant. For Investments, each participant receives an investment stake in local government-owned companies. For Financial Education, participants receive age-appropriate money learning through schools.

This is why ASPIRE is not only a savings account. It also includes an investment part and school lessons about money. When you hear “ASPIRE pillars,” think of the three parts working together: savings, investments, and financial education.","ASPIRE is built on three pillars: Savings, Investments, and Financial Education. Each pillar is part of the programme design. Participants receive a seeded savings account, an investment stake in local government-owned companies, and age-appropriate financial education.

The education pillar matters because ASPIRE includes a financial-literacy curriculum delivered through schools. It is not treated as separate from the money parts. The programme links having a savings account and investment stake with learning how financial choices are organised.

One example of the learning side is the 10-20-30-40 formula used in ASPIRE. It separates saving from emergency and investment funds and sets an explicit ceiling on debt. It is different from the 50/30/20 rule, though both are templates for the same general budgeting idea.","The ASPIRE framework has three core pillars: Savings, Investments, and Financial Education. These are not three labels for the same activity. They describe different parts of the programme: a seeded savings account for each participant, an investment stake in local government-owned companies, and financial education matched to age.

The financial education pillar is delivered through schools as a financial-literacy curriculum. That means ASPIRE is not just about receiving a savings account or being linked to investments. It also includes structured learning about financial ideas within the programme.

For older learners, the 10-20-30-40 formula shows the kind of structure ASPIRE uses for money learning. Compared with the 50/30/20 rule, it is a different template for the same idea. The ASPIRE formula separates saving from emergency and investment funds and sets an explicit ceiling on debt, making it stricter and better suited to households carrying loans.","ASPIRE is built on three pillars: Savings, Investments, and Financial Education. In practical terms, each participant receives a seeded savings account, an investment stake in local government-owned companies, and age-appropriate financial education. The framework is therefore broader than a savings account alone.

The financial education pillar is part of the programme itself. Source material describes a financial-literacy curriculum delivered through schools and also describes age-appropriate financial education. This means the learning component sits beside the savings and investment components as a core feature, not as an extra label added later.

The ASPIRE learning framework also uses the 10-20-30-40 formula. It is different from the 50/30/20 rule, although both are templates for the same general idea. The ASPIRE formula separates saving from emergency and investment funds and sets an explicit ceiling on debt. Because of that debt ceiling and separation of funds, it is described as stricter and better suited to households carrying loans.","In a St. Kitts and Nevis class example, a learner can use EC$100 of pretend money to discuss school supplies and a snow cone while keeping savings, emergency money, investment money, and a debt limit as separate ideas. The point is to see that ASPIRE includes financial education, not only a seeded savings account.","[{""wrong"": ""ASPIRE is just a savings account."", ""right"": ""ASPIRE has three pillars: Savings, Investments, and Financial Education.""}, {""wrong"": ""The financial education part is outside the ASPIRE framework."", ""right"": ""Financial Education is one of ASPIRE’s core pillars and is delivered through schools as age-appropriate learning.""}, {""wrong"": ""The 10-20-30-40 formula is the same as the 50/30/20 rule."", ""right"": ""They are different templates for the same idea; the ASPIRE formula separates saving, emergency and investment funds, and sets a ceiling on debt.""}]","{""scenario_amount_xcd"": 100}",
CON-0004,aspire_governance_history,ASPIRE leadership and history,aspire_programme,9-12,adult,draft,ASP-006 ASP-017 ASP-154,who runs ASPIRE | who created ASPIRE | when ASPIRE started | ASPIRE launch | Caribbean first programme | government programme history,timeline reveal_cards sort_buckets,12,,"ASPIRE did not just appear on its own. It was established by the Government of Saint Kitts and Nevis in September 2024. Prime Minister Dr. Terrance Drew announced it at the Independence 41 National Youth Rally on 13 September 2024. He is also the Minister of Finance and is the political leader who introduced and champions ASPIRE.

The government places ASPIRE in a longer story of social programmes. It presents ASPIRE as following free secondary education from the 1960s and Social Security from the 1970s. This helps explain why ASPIRE is described as a flagship youth-empowerment initiative.","ASPIRE’s history begins with a public decision by the Government of Saint Kitts and Nevis. The programme was established in September 2024, and it was announced by Prime Minister Dr. Terrance Drew at the Independence 41 National Youth Rally on 13 September 2024. Dr. Drew is also the Minister of Finance. For ASPIRE, the clear leadership fact is that he introduced the programme and champions it as a flagship youth-empowerment initiative.

The government also connects ASPIRE to earlier social programmes. It presents ASPIRE as the latest in a line of transformative social programmes, after free secondary education introduced in the 1960s and Social Security established in the 1970s. So, when someone asks who created ASPIRE or when it started, the answer includes both the 2024 launch and the government’s longer history story.","ASPIRE’s governance history has two main parts: its official establishment and its political leadership. It was established by the Government of Saint Kitts and Nevis in September 2024. The public announcement came from Prime Minister Dr. Terrance Drew at the Independence 41 National Youth Rally on 13 September 2024. Dr. Drew is also the Minister of Finance, and he introduced and champions ASPIRE as a flagship youth-empowerment initiative.

The programme is also framed within a longer public-policy timeline. The government presents ASPIRE as the latest in a line of transformative social programmes. In that line, ASPIRE follows free secondary education introduced in the 1960s and Social Security established in the 1970s. This means ASPIRE is not presented only as a new programme from 2024. It is also presented as part of a wider government story about major social programmes in Saint Kitts and Nevis.","ASPIRE’s supported governance and history facts are precise. It was established by the Government of Saint Kitts and Nevis in September 2024. It was announced by Prime Minister Dr. Terrance Drew at the Independence 41 National Youth Rally on 13 September 2024. Dr. Drew is both Prime Minister and Minister of Finance, and he introduced and champions ASPIRE as a flagship youth-empowerment initiative.

The government’s own historical framing places ASPIRE in a sequence of major social programmes. It presents ASPIRE as the latest in a line of transformative social programmes, following free secondary education introduced in the 1960s and the establishment of Social Security in the 1970s. For an adult learner, the key distinction is between what is firmly stated and what is not. The established facts identify the government origin, the launch timing, the announcing leader, and the wider historical framing. They do not require adding details about daily administration or extra governing bodies.",Imagine a student in Saint Kitts and Nevis places an EC$5 note beside a timeline card for ASPIRE. The card would say that ASPIRE was established by the Government of Saint Kitts and Nevis in September 2024 and announced by Prime Minister Dr. Terrance Drew on 13 September 2024.,"[{""wrong"": ""ASPIRE was created by a private group."", ""right"": ""ASPIRE was established by the Government of Saint Kitts and Nevis.""}, {""wrong"": ""ASPIRE began in the 1960s or 1970s."", ""right"": ""ASPIRE was established in September 2024; the 1960s and 1970s refer to earlier social programmes in the government’s historical framing.""}, {""wrong"": ""ASPIRE’s history is only about the launch date."", ""right"": ""The history also includes the government presenting ASPIRE as following free secondary education from the 1960s and Social Security from the 1970s.""}]","{""local_example_amount_xcd"": 5, ""established_year"": 2024, ""announcement_day"": 13, ""independence_rally_number"": 41, ""free_secondary_education_decade_start"": 1960, ""social_security_decade_start"": 1970}",
CON-0005,aspire_contribution_split,ASPIRE government contribution and split,aspire_programme,9-12,adult,draft,ASP-011 ASP-012 ASP-013 ASP-059 ASP-063 ASP-078 ASP-085 ASP-253 ASP-254 ASP-255,EC one thousand dollars | free money from government | ASPIRE contribution | how the money is divided | seed money | cost to join ASPIRE,compare sort_buckets proportion,12,,"ASPIRE does not cost a family anything to join. Registration is free, and the Government of Saint Kitts and Nevis provides the seed money for each eligible child. The government contribution is EC$1,000 per eligible child.

That EC$1,000 is split into two equal parts. EC$500 goes into a savings account at St. Kitts-Nevis-Anguilla National Bank. The other EC$500 is invested in shares of local, government-owned entities on behalf of the child. So ASPIRE is not a fee a family pays; it is a government contribution divided between savings and shares.","ASPIRE begins with a government seed contribution for each eligible child. Registration is free, so the family does not pay a joining fee. The contribution provided by the Government of Saint Kitts and Nevis is EC$1,000 per eligible child.

The contribution is not placed all in one place. It is divided into two equal parts. EC$500 is deposited into a savings account at St. Kitts-Nevis-Anguilla National Bank. The other EC$500 is allocated to purchase shares in local, government-owned entities on behalf of the child.

This split is the main idea: ASPIRE’s government contribution has a savings part and a shares part. Both parts come from the government seed contribution, and both are provided at no cost to the family.","The ASPIRE government contribution is a seed contribution provided for each eligible child. It is not a registration payment from the family, because registration for ASPIRE is free. The Government of Saint Kitts and Nevis provides EC$1,000 per eligible child at no cost to the family.

The EC$1,000 is split evenly. EC$500 is placed in a savings account at St. Kitts-Nevis-Anguilla National Bank. EC$500 is invested in shares of local, government-owned entities, with the shares purchased on behalf of the child.

Understanding the split helps avoid mixing up the two parts. The savings part is the EC$500 deposit into the ASPIRE savings account. The investment part is the EC$500 allocated to shares in government-owned entities. Together, those two equal parts make up the EC$1,000 government contribution.","ASPIRE’s contribution structure is straightforward. For each eligible child, the Government of Saint Kitts and Nevis provides a seed contribution of EC$1,000. Registration is free, and the seed contribution is provided at no cost to the family.

The EC$1,000 is divided into two equal parts. EC$500 is deposited into a savings account at St. Kitts-Nevis-Anguilla National Bank. The other EC$500 is allocated to purchase shares in local, government-owned entities on behalf of the child.

The practical takeaway is that ASPIRE is not a programme where the family pays a joining fee to create the starting balance. The government provides the starting contribution, and that contribution is split between a savings account and investment shares. When explaining ASPIRE to a child or parent, the key figures are EC$1,000 total, EC$500 in savings, and EC$500 in shares.","An eligible child in St. Kitts or Nevis registers for ASPIRE for free. The government provides EC$1,000: EC$500 goes into a savings account at St. Kitts-Nevis-Anguilla National Bank, and EC$500 is used for shares in local, government-owned entities.","[{""wrong"": ""A family must pay to register a child for ASPIRE."", ""right"": ""Registration is free, and the government provides the seed contribution for each eligible child.""}, {""wrong"": ""The full EC$1,000 goes into the savings account."", ""right"": ""EC$500 goes into the savings account, and EC$500 is invested in shares of local, government-owned entities.""}, {""wrong"": ""The ASPIRE contribution is only shares."", ""right"": ""The contribution has two equal parts: EC$500 in savings and EC$500 in shares.""}]","{""government_contribution_xcd"": 1000, ""savings_part_xcd"": 500, ""shares_part_xcd"": 500}",
CON-0006,aspire_eligibility_rules,ASPIRE eligibility rules,aspire_programme,9-12,adult,draft,ASP-026 ASP-027 ASP-028 ASP-032 ASP-033 ASP-034 ASP-038 ASP-039 ASP-044 ASP-140 ASP-147 ASP-240 ASP-243 ASP-248 FIN-107,who can join ASPIRE | can my child qualify | citizen eligibility | citizen by descent | children on Nevis | home-schooled children,flow_diagram sort_buckets reveal_cards,12,,"ASPIRE has clear rules about who can join. A child must be a citizen of Saint Kitts and Nevis and be aged 5 to 18. The child must also live in Saint Kitts or Nevis and be in school within the Federation.

A citizen can be someone born in Saint Kitts and Nevis or a citizen by descent. A citizen by descent should show a citizenship by descent certificate as proof. A non-citizen or permanent resident is not eligible for ASPIRE.

Home-schooled children can be eligible too, but they must be registered with the Ministry of Education as home schooled. Children on Nevis can join just like children on St. Kitts. If a child changes schools, the child can stay in ASPIRE as long as the main rules still apply.","ASPIRE eligibility is based on citizenship, age, residence, and schooling. The programme is for child citizens of Saint Kitts and Nevis aged 5 to 18. Participants must reside in Saint Kitts or Nevis, and they must be enrolled in school or registered with the Ministry of Education as home schooled.

Citizenship can be shown in more than one way. A child born in the Federation can be eligible. A citizen by descent can also be eligible, including a citizen by descent born abroad, if the child also meets the age, residence, and school-enrolment rules. A citizen by descent should provide a citizenship by descent certificate as proof.

The rules also make clear who is not covered. Non-citizens and permanent residents are not eligible. Children on Nevis can join ASPIRE just like children on St. Kitts. A child who changes schools can continue in ASPIRE as long as the child remains an eligible citizen, resides in the Federation, and stays enrolled in school or registered home schooling.","ASPIRE eligibility starts with the child’s legal status and current situation. The child must be a citizen of Saint Kitts and Nevis, aged 5 to 18, and must reside in Saint Kitts or Nevis. The child must also be enrolled in school, or registered with the Ministry of Education as home schooled.

Citizens by descent are treated as eligible citizens alongside children born in the Federation. This includes a child born abroad who is a citizen by descent, provided the child meets the age, residence, and school-enrolment requirements. For sign-up, proof of the child’s citizenship is required: either a Saint Kitts and Nevis birth certificate or a citizenship by descent certificate, along with the parent or guardian’s identification. The current document list should be confirmed at aspire.gov.kn.

Eligibility is not limited to one island or one school. Eligible children on Nevis can join just like those on St. Kitts. A child can also remain in ASPIRE after changing schools, as long as the child stays eligible, resides in the Federation, and remains enrolled in school or registered home schooling. If a participant later relocates abroad, the participant can continue in the programme, but specific arrangements must be made with the administrators.","For ASPIRE, the child must be a citizen of Saint Kitts and Nevis, aged 5 to 18, and must reside in Saint Kitts or Nevis. The child must also be attending school within the Federation or be registered with the Ministry of Education as home schooled. Home-schooled children who are properly registered are eligible.

Citizenship may be by birth in the Federation or by descent. Citizens by descent are eligible alongside children born in Saint Kitts and Nevis, including a citizen by descent born abroad, if the age, residence, and school-enrolment requirements are also met. Non-citizens and permanent residents are not eligible for ASPIRE.

During sign-up, proof of the child’s citizenship is required. This can be a Saint Kitts and Nevis birth certificate or a citizenship by descent certificate, together with the parent or guardian’s identification. The current document list should be confirmed at aspire.gov.kn.

Children on Nevis are eligible just like children on St. Kitts. A child who changes schools can remain in ASPIRE if the child remains an eligible citizen, resides in the Federation, and stays enrolled in school or registered home schooling. Through ASPIRE, eligible children in Saint Kitts and Nevis have an account opened for them; child accounts are normally opened jointly with a parent or guardian, who signs and oversees the account until the child reaches adulthood.","A 10-year-old citizen by descent living on Nevis is registered with the Ministry of Education as home schooled, while the family budgets EC$20 for school supplies. For ASPIRE, the key eligibility checks are citizenship, age, residence in Saint Kitts or Nevis, and school enrolment or Ministry-registered home schooling.","[{""wrong"": ""A permanent resident can join ASPIRE if they live in Saint Kitts and Nevis."", ""right"": ""ASPIRE is limited to citizens of Saint Kitts and Nevis; non-citizens and permanent residents are not eligible.""}, {""wrong"": ""A citizen by descent born abroad cannot join ASPIRE."", ""right"": ""Citizens by descent are eligible if they meet the age, residence, and school-enrolment requirements, and they should provide a citizenship by descent certificate.""}, {""wrong"": ""Home-schooled children are outside ASPIRE."", ""right"": ""Home-schooled children are eligible when they are registered with the Ministry of Education as home schooled.""}]","{""age_min_years"": 5, ""age_max_years"": 18, ""local_example_child_age_years"": 10, ""local_example_school_supplies_xcd"": 20}",
CON-0007,aspire_age_eligibility,ASPIRE age eligibility,aspire_programme,9-12,adult,draft,ASP-021 ASP-029 ASP-030 ASP-031 ASP-041 ASP-042 ASP-043 ASP-048 ASP-241 ASP-242 ASP-309,ASPIRE age range | too young for ASPIRE | too old for ASPIRE | turning five | turning nineteen | 13 December 2023 cutoff,timeline flow_diagram simulator,12,,"ASPIRE has an age rule. It is for young people aged 5 to 18 who are citizens of Saint Kitts and Nevis and enrolled in school within the Federation. A child can be enrolled once they reach their fifth birthday. The sign-up portal stays open for continuous registration, so children can be registered when they qualify.

A newborn or toddler is not old enough yet. They become eligible at age 5. At the older end, ASPIRE is for young people up to age 18 for new enrolment. Eligibility also covers young people who were 18 or under on 13 December 2023. If someone already joined and is about to turn 19, they continue under the programme’s completion rules.","ASPIRE age eligibility is not just a general idea of being “school age.” The programme is for young people aged 5 to 18 who are citizens of Saint Kitts and Nevis and enrolled in school within the Federation. The minimum age is 5, and enrolment happens on a rolling basis once each child reaches the fifth birthday. That is why a newborn or toddler waits until age 5, while a child who just turned 5 can be registered.

The upper age rule is also specific. ASPIRE is for young people up to age 18 for new enrolment, and the maximum age cap for initial seeding is 18. There is also a 13 December 2023 eligibility date. That date covers young people who are currently aged 5 to 18, as well as those who were 18 or under on 13 December 2023, so a defined cohort of youth can benefit. Someone already in the programme who is about to turn 19 continues under the programme’s completion rules, but new enrolment is for the eligible age range.","For ASPIRE, the age rule works like an entry gate. The main eligible age group is young people aged 5 to 18 who are citizens of Saint Kitts and Nevis and enrolled in school within the Federation. Children do not enter from birth. They become eligible at age 5, and enrolment happens on a rolling basis after the fifth birthday. Since the sign-up portal stays open for continuous registration, a child who just turned 5 can be enrolled once the other stated conditions are met.

The upper end needs careful reading. ASPIRE targets youth aged 5 to 18, and the maximum age cap for children receiving initial seeding under the programme is 18. Eligibility also extends to young people who were 18 or under on 13 December 2023. That date is used to define a cohort that can benefit. For someone about to turn 19, the rule separates new enrolment from continued participation. A participant who has already joined continues under the programme’s completion rules, while new enrolment is for those within the eligible age range.","ASPIRE age eligibility should be checked alongside the other basic conditions in the programme description. ASPIRE is for young people aged 5 to 18 who are citizens of Saint Kitts and Nevis and enrolled in school within the Federation. The minimum age requirement for enrolment is 5 years old. Children are enrolled on a rolling basis once they reach their fifth birthday, and the sign-up portal stays open for continuous registration. A newborn or toddler therefore cannot be enrolled yet, but can be registered when the child qualifies at age 5.

The maximum age rule is 18 for new enrolment, and the maximum age cap for children receiving initial seeding under the programme is 18 years old. The 13 December 2023 eligibility date adds an important cohort rule: eligibility covers young people currently aged 5 to 18, as well as those who were 18 or under on 13 December 2023. If a young person is about to turn 19 and has already joined, the programme says that participant continues under its completion rules. That does not make the new-enrolment range larger; new enrolment remains for those within the eligible age range.","In Basseterre, a child who just turned 5, is enrolled in school within the Federation, and has EC$5 for school supplies is old enough for ASPIRE registration. A toddler with the same EC$5 is not age-eligible until the fifth birthday.","[{""wrong"": ""A child can be signed up from birth."", ""right"": ""Children become eligible at age 5, and enrolment happens as they reach their fifth birthday.""}, {""wrong"": ""Anyone older than 18 is automatically treated the same way."", ""right"": ""New enrolment is for the eligible age range, but eligibility also covers those who were 18 or under on 13 December 2023, and someone already joined continues under completion rules.""}, {""wrong"": ""Age is the only basic condition mentioned for ASPIRE."", ""right"": ""The source also says the young person must be a citizen of Saint Kitts and Nevis and enrolled in school within the Federation.""}]","{""local_example_xcd"": 5}",
CON-0008,aspire_registration_process,ASPIRE registration process,aspire_programme,9-12,adult,draft,ASP-011 ASP-024 ASP-042 ASP-045 ASP-046 ASP-047 ASP-048 ASP-049 ASP-050 ASP-056 ASP-058 ASP-059 ASP-060 ASP-061 ASP-062 ASP-246 ASP-267 ASP-270 ASP-292 ASP-294 ASP-295 ASP-331,how to apply for ASPIRE | sign up my child | ASPIRE portal | where to start | rolling enrolment | registration confirmation | how to register for ASPIRE | online ASPIRE application,flow_diagram timeline reveal_cards,12,,"ASPIRE registration is how an eligible child gets signed up for the programme. It is available to eligible children living on St. Kitts and on Nevis. Registration is free, and the government provides the seed contribution at no cost to the family.

Start at aspire.gov.kn. Use the Register/Sign In portal, or go to an ASPIRE Day, school event, or community event for help. A parent or guardian usually registers a child. From age 12, a participant can also register for their own account at aspire.gov.kn or at a branch. The portal stays open, so children can be enrolled as they reach their fifth birthday. After registration, you can sign in to view the account.","ASPIRE registration starts at the official website, aspire.gov.kn. From there, the Register/Sign In portal links to portal.aspire.gov.kn/register, where a parent or guardian can register a child or sign in. Families can also meet the ASPIRE team at schools, ASPIRE Days, and community events across St. Kitts and Nevis for in-person help.

There is no single deadline or cut-off. The portal stays open for continuous registration, so children can be enrolled as they reach their fifth birthday. After the programme launch in September 2024, new participants are enrolled on a rolling basis after their fifth birthday.

A parent or guardian typically registers a child, but from age 12 an ASPIRE participant can register for their own account at aspire.gov.kn or at a branch. Before starting, have the child’s birth certificate or citizenship by descent certificate ready. After registration, signing in lets you view the account; if there is a confirmation issue, contact the ASPIRE team by email or phone.","For ASPIRE, registration is the step that starts enrolment and the bank account opening process. The official starting point is aspire.gov.kn, with registration through the linked portal at portal.aspire.gov.kn/register. Registration can also happen through registration drives, schools, ASPIRE Days, and community events across St. Kitts and Nevis.

The process is designed for continuous registration, not one yearly deadline. Children can be enrolled as they reach their fifth birthday, and new participants are enrolled on a rolling basis after that birthday. A parent or guardian usually registers a child. From age 12, an ASPIRE participant can register for their own account at aspire.gov.kn or at a branch. Applications made through this assistant are completed by a parent or guardian.

There is no fee to register. The Government of St. Kitts and Nevis fully funds enrolment and the initial EC$1000 contribution. Once registration is completed online or at a registration drive, the account opening process begins. The Task Force works with the Ministry of Education, the Department of ICT, the National Bank, and other partners to open accounts quickly and securely so beneficiaries begin earning interest promptly.","For a parent or legal guardian, the official place to begin ASPIRE registration is aspire.gov.kn. Use the Register/Sign In portal, which links to portal.aspire.gov.kn/register, to register or sign in. The Department of IT created and maintains the online registration platform. Families can also get help from the ASPIRE team at schools, ASPIRE Days, and community events across St. Kitts and Nevis.

Registration is free. Enrolment and the initial EC$1000 contribution are fully funded by the Government of St. Kitts and Nevis at no cost to parents. Each eligible child in a family can be registered for their own ASPIRE account and receive their own seeded contribution. Have the child’s birth certificate or citizenship by descent certificate ready before starting.

There is no single cut-off date. The portal stays open for continuous registration, and children can be enrolled as they reach their fifth birthday. Completing registration at aspire.gov.kn or at a registration drive initiates the bank account opening process. After registering through the portal, sign in to view the account. For confirmation issues, contact the ASPIRE team at aspire@gov.kn or by phone. Step-by-step tutorial videos are also available on ASPIRE’s official social media platforms and aspire.gov.kn.",A parent in St. Kitts uses aspire.gov.kn to register two eligible children and pays EC$0 to register. Each child has the Government-funded initial EC$1000 contribution provided at no cost to the family.,"[{""wrong"": ""ASPIRE has one deadline, so a child who misses it must wait for another year."", ""right"": ""There is no single cut-off; the portal stays open for continuous registration as children reach their fifth birthday.""}, {""wrong"": ""Parents must pay an upfront fee to register a child."", ""right"": ""Registration is free, and enrolment plus the initial EC$1000 contribution are funded by the Government of St. Kitts and Nevis.""}, {""wrong"": ""ASPIRE registration is only for St. Kitts."", ""right"": ""ASPIRE is Federation-wide and available to eligible children living on both St. Kitts and Nevis.""}]","{""registration_fee_xcd"": 0, ""example_children"": 2, ""initial_contribution_xcd"": 1000}",
CON-0009,aspire_registration_documents,ASPIRE registration documents,aspire_programme,9-12,adult,draft,ASP-051 ASP-062 ASP-248 ASP-251,documents for ASPIRE | proof of citizenship | birth certificate for ASPIRE | passport for registration | papers I need | prove my child qualifies,sort_buckets flow_diagram reveal_cards,12,,"To register a child for ASPIRE, start at aspire.gov.kn. Use the Register/Sign In portal there. You can also get in-person help at an ASPIRE Day or a school event.

Have proof that the child is a citizen of Saint Kitts and Nevis. This proof can be a Saint Kitts and Nevis birth certificate or a citizenship by descent certificate. The parent or guardian also needs identification.

Registration may also ask for proof of address dated within about three months. Examples are a recent utility bill, bank statement, or lease agreement. Always check aspire.gov.kn for the current document list before you sign up.","ASPIRE registration is about proving that the child meets the document requirements for sign-up. The main document is proof of the child’s citizenship. The listed proofs are a Saint Kitts and Nevis birth certificate or a citizenship by descent certificate.

A parent or guardian’s identification is also part of the eligibility check during sign-up. Registration may also ask for proof of address dated within about three months. Examples given are a recent utility bill, bank statement, or lease agreement.

You can begin at aspire.gov.kn through the Register/Sign In portal. If your family wants in-person help, ASPIRE Day or a school event can also be a starting point. Because document requirements can change, confirm the current list on aspire.gov.kn before gathering papers.","For ASPIRE registration, the key idea is documentation. The child’s citizenship must be verified. The accepted citizenship evidence listed is either a Saint Kitts and Nevis birth certificate or a citizenship by descent certificate. A parent or guardian’s identification is also needed during sign-up.

Registration may also request proof of address. The proof of address should be dated within about three months. Examples include a recent utility bill, bank statement, or lease agreement. Since the source says registration may ask for this, it is sensible to check the current requirement before assuming it is or is not needed.

The starting point is aspire.gov.kn, using the Register/Sign In portal. In-person support is also available through an ASPIRE Day or a school event. Before attending or registering online, have the child’s birth certificate or citizenship by descent certificate ready, and confirm any additional documents on aspire.gov.kn.","To register a child for ASPIRE, begin with the official registration route: aspire.gov.kn and the Register/Sign In portal. Families may also start through in-person help at an ASPIRE Day or school event. The child’s Saint Kitts and Nevis birth certificate or citizenship by descent certificate should be ready before sign-up.

The central requirement is evidence of the child’s citizenship. The listed documents for this are a Saint Kitts and Nevis birth certificate or a citizenship by descent certificate. During sign-up, proof of the child’s citizenship is required along with the parent or guardian’s identification.

Registration may also ask for proof of address dated within about three months. Examples are a recent utility bill, bank statement, or lease agreement. Because the document list may include additional items or current requirements, confirm the latest instructions at aspire.gov.kn before submitting or attending an in-person event.","A guardian in Basseterre sets aside EC$5 for bus fare to attend an ASPIRE Day, bringing the child’s Saint Kitts and Nevis birth certificate and the guardian’s identification. If asked for proof of address, the guardian checks that a recent bank statement is dated within about three months.","[{""wrong"": ""Any paper with the child’s name is enough for ASPIRE registration."", ""right"": ""The child’s citizenship must be shown with a Saint Kitts and Nevis birth certificate or a citizenship by descent certificate.""}, {""wrong"": ""Only the child’s document matters."", ""right"": ""The parent or guardian’s identification is also needed during sign-up.""}, {""wrong"": ""An old address document is always fine."", ""right"": ""Registration may ask for proof of address dated within about three months, such as a recent utility bill, bank statement, or lease agreement.""}]","{""bus_fare_xcd"": 5, ""address_document_months"": 3}",
CON-0010,aspire_registration_support,ASPIRE registration support options,aspire_programme,9-12,adult,draft,ASP-052 ASP-053 ASP-054 ASP-055 ASP-167 ASP-184 ASP-185 ASP-191 ASP-192 ASP-206 ASP-213 ASP-293 ASP-296 ASP-297 ASP-299 ASP-301 ASP-303 ASP-329 ASP-330 ASP-338,help signing up | school registration help | in-person ASPIRE event | tutorial video | someone to help me apply | register more than one child,compare flow_diagram reveal_cards,12,,"ASPIRE registration is not only something a parent or guardian has to work out alone online. The ASPIRE team visits schools across St. Kitts and Nevis during the school year. At school visits, presentations and sign-up drives can help families learn about enrolment and get support.

There are also in-person choices outside school. ASPIRE Day events and community activations offer sign-up support, with officials helping parents and guardians register children. ASPIRE has also held ASPIRE Day in St. Kitts and in Nevis.

If a parent or guardian wants help from home, ASPIRE social media channels share step-by-step guides and tutorial videos. If registration is difficult, help is available by email at aspire@gov.kn, by hotline at 465-2588, or at an ASPIRE Day or school event.","ASPIRE gives parents and guardians several ways to get help with registration. Schools are one route: ASPIRE visits primary and secondary schools across St. Kitts and Nevis during the school year. Schools may host financial-education lessons, assemblies, presentations, and sign-up drives, and the ASPIRE team can support enrolment on site.

In-person support is also available through ASPIRE Day events and community activations. ASPIRE Day is a sign-up and information drive where officials help parents and guardians register children. The first ASPIRE Day in St. Kitts was held at Independence Square on 29 November 2024, and an ASPIRE Day was also held in Nevis.

For online help, ASPIRE social media channels provide step-by-step registration guides and tutorial videos. Parents can also send questions to aspire@gov.kn or direct message @aspire.skn on Facebook or Instagram. If there is a technical problem, they can use the email or call the hotline at 465-2588. In Basseterre, the Cable Office on Cayon Street offers daily walk-in support for ASPIRE enrolment.","ASPIRE registration support is designed to be available through more than one channel. If your school is involved, the ASPIRE team may visit during the school year to give presentations and support enrolment. Primary and secondary schools across St. Kitts and Nevis can host sign-up drives, assemblies, and financial-education lessons as part of ASPIRE outreach.

Families can also use in-person events. ASPIRE Day events, school visits, and community activations provide face-to-face sign-up support. ASPIRE Day is a sign-up and information drive where officials help parents and guardians register children. The first ASPIRE Day sign-up in St. Kitts was held at Independence Square on 29 November 2024, and Nevis has also had an ASPIRE Day with officials helping parents register children.

Online support is another route. ASPIRE social media channels carry step-by-step registration guides, tutorial videos, event announcements, financial lessons, and other programme content. Those channels were launched to make enrolment guidance widely accessible and to meet parents, guardians, and students online. Parents and guardians can also email aspire@gov.kn, call the hotline at 465-2588 for technical difficulty, or send questions by direct message to @aspire.skn on Facebook or Instagram.","Parents and guardians have several ASPIRE registration support options. School-based support is available because the ASPIRE team visits schools across St. Kitts and Nevis during the school year. Schools can host ASPIRE financial-education lessons, assemblies, presentations, and sign-up drives, and the team can assist parents and students on site at primary and secondary schools.

For face-to-face help away from school, ASPIRE Day events and community activations offer in-person sign-up support. ASPIRE Day is a sign-up and information drive where officials help parents and guardians register children. The first ASPIRE Day in St. Kitts was held on 29 November 2024 at Independence Square, and an ASPIRE Day was also held in Nevis. In Basseterre, the Cable Office on Cayon Street offers daily walk-in support for ASPIRE enrolment.

Digital and contact options are also available. ASPIRE social platforms feature step-by-step registration guides and tutorial videos to help parents complete enrolment. Questions can be emailed to aspire@gov.kn or sent by direct message to @aspire.skn on Facebook or Instagram. For technical difficulty online, parents can contact aspire@gov.kn or call the hotline at 465-2588. At support centres, parents can edit existing applications, check status, and ask eligibility questions.",A guardian in Basseterre has EC$5 set aside while running errands and needs help with an ASPIRE application. They can use ASPIRE tutorial videos online or go to the Cable Office on Cayon Street for daily walk-in enrolment support.,"[{""wrong"": ""ASPIRE registration help is only available at a child’s school."", ""right"": ""Schools are one option, but ASPIRE also offers help through ASPIRE Day events, community activations, social media guides, tutorial videos, email, hotline support, and walk-in support in Basseterre.""}, {""wrong"": ""If the online form gives trouble, there is no other way to get help."", ""right"": ""Parents can contact aspire@gov.kn, call the hotline at 465-2588, or seek help at an ASPIRE Day, school event, or support centre.""}, {""wrong"": ""ASPIRE social media is only for announcements."", ""right"": ""ASPIRE social media also carries step-by-step registration support, tutorial videos, financial lessons, event announcements, and other programme content.""}]","{""local_example_spending_money_xcd"": 5, ""first_st_kitts_aspire_day_day"": 29, ""first_st_kitts_aspire_day_year"": 2024, ""aspire_hotline"": ""465-2588""}",
CON-0011,aspire_savings_features,ASPIRE savings account features,aspire_programme,9-12,adult,draft,ASP-057 ASP-063 ASP-064 ASP-067 ASP-068 ASP-079 ASP-080 ASP-083 ASP-141 ASP-162 ASP-262 ASP-330 FIN-070,ASPIRE savings account | money in the account | which bank has the money | savings part of ASPIRE | child savings account | why ASPIRE gives savings | interest on my ASPIRE savings | fees on the account,timeline allocator reveal_cards,12,,"When a child is enrolled in ASPIRE, a savings account is opened at the St. Kitts-Nevis-Anguilla National Bank. The government starts that account with EC$500. The account is active, and it earns interest while the money stays there.

Families can add extra money to the ASPIRE savings account. Any extra money added by choice cannot be taken out early. It stays locked for the duration of the programme and can be withdrawn only when the programme is completed. The savings account is there to give each participant a real, growing asset and a reason to learn money habits.","The ASPIRE savings account is a real savings account opened after enrolment at the St. Kitts-Nevis-Anguilla National Bank. The government seeds it with EC$500 for each participant. The account is active and earns interest while the money remains in place.

Extra deposits are allowed. That feature can boost a participant’s savings, but it also has an important lock-in rule: voluntarily added funds cannot be withdrawn during the programme. They are locked for the duration of the programme, the same as the seed amount, and can be withdrawn only on completion.

The savings account is meant to encourage early financial responsibility and long-term wealth accumulation. It gives the participant a growing asset connected to ASPIRE. If a family needs information about minimum-balance rules, the source guidance is to confirm with the National Bank or aspire.gov.kn.","The ASPIRE savings feature starts after a child is enrolled. A seeded savings account is opened at the St. Kitts-Nevis-Anguilla National Bank, a government-backed financial institution. Each participant’s savings account begins with an EC$500 deposit from the government, and the seeded accounts are active and earning interest.

The account can receive additional deposits. This is not the same as ordinary spending money, because voluntarily added funds are locked for the duration of the programme. They cannot be withdrawn early and can only be withdrawn on completion. The same lock-in applies to the seed amount.

The savings account is designed to give the participant a real, growing asset and a practical reason to learn money habits. ASPIRE also has an investment allocation applied under programme rules, and the investment component was being brought on stream in 2026. For minimum-balance rules, the stated guidance is to confirm with the National Bank or aspire.gov.kn.","The ASPIRE savings account is opened once a child is enrolled. It is held at the St. Kitts-Nevis-Anguilla National Bank, identified in the source material as a government-backed financial institution. Each participant’s savings account is seeded with an initial EC$500 government deposit, and the seeded savings accounts are active and earning interest.

Additional deposits may be made into the ASPIRE savings account. Families should understand the lock-in feature before adding voluntary funds: any voluntarily added money cannot be withdrawn for the duration of the programme. It is locked in the same way as the seed amount and can only be withdrawn on completion. Additional deposits can boost the participant’s savings, but they are not available for early withdrawal.

The purpose of the savings component is to encourage early financial responsibility and long-term wealth accumulation by giving the participant a real, growing asset. The National Bank holds the seeded savings accounts, and ASPIRE’s investment allocation is applied under programme rules, with the investment component being brought on stream in 2026. For any minimum-balance rules, the stated guidance is to confirm with the National Bank or aspire.gov.kn.","After enrolment, a participant’s ASPIRE savings account at the National Bank starts with EC$500. If EC$25 from Carnival costume savings is added voluntarily, the account would hold EC$525 before interest, but the added EC$25 is locked until the programme is completed.","[{""wrong"": ""The ASPIRE savings money is kept by any bank the family chooses."", ""right"": ""ASPIRE savings accounts are opened at the St. Kitts-Nevis-Anguilla National Bank.""}, {""wrong"": ""Extra money added voluntarily can be taken back whenever it is needed."", ""right"": ""Voluntarily added funds are locked for the duration of the programme and can only be withdrawn on completion.""}, {""wrong"": ""The ASPIRE savings account is just a record, not a real growing asset."", ""right"": ""The account is seeded with EC$500, is active, earns interest, and is intended to give the participant a real, growing asset.""}]","{""seed_deposit_xcd"": 500, ""voluntary_deposit_xcd"": 25, ""balance_before_interest_xcd"": 525, ""investment_component_year"": 2026}",
CON-0012,aspire_access_withdrawals,ASPIRE savings access and withdrawal rules,aspire_programme,9-12,adult,draft,ASP-069 ASP-070 ASP-128 ASP-130 ASP-131 ASP-136 ASP-138 ASP-143 ASP-144 ASP-257 ASP-265,can I take out the money | parent withdrawal | locked savings | adding extra money | whose money is it | one account per child,timeline flow_diagram reveal_cards,12,,"ASPIRE savings are not money a child can take out anytime. The money is kept locked until the ASPIRE participant completes the programme. This includes savings, investment returns, and any extra money added during the programme.

Parents, guardians, and relatives may add extra money to help grow the savings balance. But they cannot withdraw it. If a grandparent adds EC$20 and an aunt adds EC$10, that EC$30 follows the same rule: only the participant can withdraw it after completing ASPIRE.

Completion means the participant has stayed in ASPIRE for at least 5 years or until turning 18, whichever is later. When that happens, the participant gets full access and a certificate of completion.","ASPIRE has withdrawal rules that are meant to keep the savings in place until the participant finishes the programme. The funds are not available for early withdrawal, even for emergencies. The lock also covers any extra deposits made during the programme, not just the original savings.

Parents, guardians, and relatives can add personal deposits to grow the participant’s savings balance. Adding money does not give them the right to take it back out. Only the ASPIRE participant can make a withdrawal, and only after completing the programme.

Completion has a timing rule: the participant must remain in ASPIRE for a minimum of 5 years or until turning 18, whichever is later. Turning 18 by itself is not always the whole rule if the minimum time has not been met. After completion, the participant gains full access to the savings and investment returns, receives a certificate of completion, and can decide how to use or continue growing the funds.","ASPIRE savings are governed by access rules, not by whoever asks for the money first. During the programme, the savings and investment returns are locked. Any voluntary deposits added by the participant, a parent, a guardian, or a relative are locked too. They cannot be taken out early, including for emergencies.

The withdrawal right belongs to the ASPIRE participant, and it begins only when the participant completes the programme. Parents and guardians cannot withdraw the funds. Relatives may add money, but the rule still says only the participant can make a withdrawal upon completion.

Completion means staying in ASPIRE for a minimum of 5 years or until turning 18, whichever is later. If the later condition has not been reached, the money remains locked. Once the participant completes ASPIRE, they receive a certificate of completion and gain full access to their savings and investment returns. At that point, they can decide how to use the funds or continue growing them.","ASPIRE savings access is controlled by programme completion. The funds are locked during the programme, and that lock applies to the savings, investment returns, and any additional deposits made voluntarily. The source rules state that funds, including additional deposits, can only be withdrawn by the participant on completing the programme.

Parents, guardians, and relatives may make additional personal deposits to grow the child’s savings balance. However, making a deposit does not create withdrawal authority. Parents and guardians cannot withdraw the child’s savings, and the general withdrawal rule is that only the ASPIRE participant can withdraw funds, and only after completing the programme.

The completion timing is also specific. A participant must remain in ASPIRE for a minimum of 5 years or until turning 18, whichever is later. After completion, the participant gains full access to the savings and investment returns and receives a certificate of completion. From that point, the participant can decide how to use the funds or continue growing them.",A family in Basseterre adds EC$20 and later EC$10 to a child’s ASPIRE savings. The EC$30 cannot be taken out by a parent for a Carnival costume; only the participant can withdraw it after completing ASPIRE.,"[{""wrong"": ""A parent or guardian can withdraw the child’s ASPIRE savings if the family needs it."", ""right"": ""Parents and guardians cannot withdraw the funds; only the ASPIRE participant can withdraw after completing the programme.""}, {""wrong"": ""Extra money added by relatives can be taken back out early."", ""right"": ""Additional deposits are locked for the duration of the programme and can only be withdrawn by the participant upon completion.""}, {""wrong"": ""Turning 18 always means the money is available immediately."", ""right"": ""The participant must stay in ASPIRE for at least 5 years or until turning 18, whichever is later.""}]","{""additional_deposit_1_xcd"": 20, ""additional_deposit_2_xcd"": 10, ""total_added_xcd"": 30}",
CON-0013,aspire_interest_growth,Interest and growth in ASPIRE savings,aspire_programme,9-12,adult,draft,ASP-057 ASP-058 ASP-065 ASP-066 ASP-074 ASP-081 ASP-090 ASP-091 ASP-103 ASP-145 ASP-249 ASP-258 ASP-269,does ASPIRE earn interest | money growing over time | compound growth | interest on savings | when interest starts | savings getting bigger,growth_stack timeline reveal_cards,12,,"In ASPIRE, after a child is enrolled, a seeded savings account is opened at the St. Kitts-Nevis-Anguilla National Bank. Once that account is opened, it begins earning interest. The Task Force works with the Ministry of Education, Department of ICT, the National Bank, and other partners so accounts can be opened quickly and securely.

Interest is extra money the savings account earns over time. This can make the participant’s savings grow while the child remains in the programme. ASPIRE says the account earns interest over time, but the exact rate is set by the National Bank, so current details should be checked with aspire.gov.kn or the bank.","ASPIRE growth begins when the seeded savings account is opened at the St. Kitts-Nevis-Anguilla National Bank. After registration and enrolment, the savings account is opened and starts earning interest as soon as it is set up. The programme partners work to open accounts quickly and securely so beneficiaries can begin earning interest promptly.

The seeded amount can grow in more than one way. It earns interest over time, and the savings can grow further through additional deposits. Over the years the child remains in the programme, returns can compound, meaning growth can build on earlier growth.

ASPIRE also includes an investment allocation under programme rules. Dividends from investments are automatically reinvested rather than paid out, so they can help compound savings over time. The exact savings account interest rate is set by the St. Kitts-Nevis-Anguilla National Bank, so current rate details should be checked with aspire.gov.kn or the bank.","In ASPIRE, the savings growth process starts after enrolment, when a seeded savings account is opened at the St. Kitts-Nevis-Anguilla National Bank. The account begins earning interest as soon as it is opened. The Task Force works with the Ministry of Education, Department of ICT, the National Bank, and other partners to open accounts quickly and securely, so beneficiaries begin earning interest promptly.

Growth comes from time and from how returns are handled. The seeded amount earns interest, and the balance can grow further through additional deposits. Over the years the participant remains in the programme, returns can compound, so earlier growth can become part of the base for later growth.

The investment side can also grow. Its value changes as the value of the underlying shares changes, and dividends from those investments are automatically reinvested rather than paid out. ASPIRE confirms that the savings account accrues interest over time, but the specific interest rate is set by the St. Kitts-Nevis-Anguilla National Bank. For current rate details, check aspire.gov.kn or the bank.","For an ASPIRE beneficiary, interest begins when the seeded savings account is opened at the St. Kitts-Nevis-Anguilla National Bank. After the child is enrolled, the savings account is opened and the investment allocation is applied under the programme rules. The Task Force works with the Ministry of Education, Department of ICT, the National Bank, and other partners to complete this quickly and securely so the beneficiary can begin earning interest promptly.

The savings account accrues interest over time, which grows the participant’s savings. The seeded amount can also grow further through additional deposits. Over the years the child remains in the programme, returns can compound, increasing the total wealth available to the young citizen upon reaching adulthood.

ASPIRE’s investment component grows differently from the savings account. The value of the underlying shares can change, and dividends generated from investments are automatically reinvested rather than paid out. This reinvestment helps returns compound during the years the participant is in the programme. ASPIRE does not state a single public interest rate in these rows; the specific savings rate is set by the St. Kitts-Nevis-Anguilla National Bank, so current rate details should be checked with aspire.gov.kn or the bank.","A child in St. Kitts and Nevis is enrolled in ASPIRE, and the EC$500 seeded savings account is opened at the St. Kitts-Nevis-Anguilla National Bank. Once the account is set up, it begins earning interest, and any investment dividends are reinvested under the programme.","[{""wrong"": ""ASPIRE savings only grow if someone adds extra deposits."", ""right"": ""The seeded savings account earns interest over time, and it can also grow further through additional deposits.""}, {""wrong"": ""The ASPIRE savings account starts earning interest before it is opened."", ""right"": ""Interest begins as soon as the seeded savings account is opened.""}, {""wrong"": ""Investment dividends are paid out to the participant right away."", ""right"": ""Dividends from ASPIRE investments are automatically reinvested to help compound savings over time.""}]","{""seeded_savings_amount_xcd"": 500, ""example_child_start_age_years"": 5}",
CON-0014,aspire_account_monitoring,ASPIRE account safety and monitoring,aspire_programme,9-12,adult,draft,ASP-071 ASP-072 ASP-075 ASP-076 ASP-077 ASP-093 ASP-106 ASP-134 ASP-139 ASP-146 ASP-249 ASP-268 ASP-286,is the money safe | government-backed account | check my balance | savings statement | parent can monitor | protected funds,flow_diagram timeline reveal_cards,12,,"The ASPIRE savings account is kept at the St. Kitts-Nevis-Anguilla National Bank. This bank is government-backed, so the programme uses it to help keep participants’ funds safe and reliable.

You can check what is happening with the account. A participant can sign in to the ASPIRE portal to view account activity. ASPIRE also sends quarterly valuation statements. These statements show updates on the current value and performance of the savings and investments.

Parents or guardians can also view the account activity. They are allowed to monitor it, but they cannot make withdrawals.","ASPIRE account safety has two parts: where the money is held and how participants can see what is happening. The savings are held at the St. Kitts-Nevis-Anguilla National Bank, which is a government-backed financial institution. ASPIRE also places investments in local government-owned entities, and participants receive quarterly statements to stay informed.

Monitoring means checking the account activity and the reported value over time. Participants can sign in to the ASPIRE portal to view account activity. Quarterly valuation statements report the current value of both savings and investments and give updates on their performance.

Parents and guardians can help monitor the account because they may view the account activity. Their access is for viewing only; they cannot make withdrawals. This separates watching the account from taking money out of it.","In ASPIRE, account safety is built around recognised institutions and regular reporting. The savings are held securely at the St. Kitts-Nevis-Anguilla National Bank, described in the programme as a government-backed financial institution. The programme also reports that investments are placed in local government-owned entities, with statements used to keep participants informed.

You do not have to wait until the end of the programme to know whether activity has been recorded. Participants can sign in to the ASPIRE portal to view account activity. Quarterly valuation statements also report the current value of the savings and investments, along with updates on their performance.

Parent or guardian access is a monitoring role, not a withdrawal role. Parents and guardians can view account activity, including through standard banking channels and registration updates provided through the ASPIRE framework, but they cannot make withdrawals. At the programme level, the ASPIRE Council oversees fund governance, asset management, educational integration, and programme evaluation.","For an adult supporting a young ASPIRE participant, the safety and monitoring arrangement can be understood as custody, reporting, and access control. The savings are held securely at the St. Kitts-Nevis-Anguilla National Bank, a government-backed financial institution. The programme also states that investments are placed in local government-owned entities, with quarterly statements keeping participants informed.

Participants can monitor the account by signing in to the ASPIRE portal to view account activity. Quarterly valuation statements report the current value and performance of both savings and investments. These statements are the regular formal update that shows how the reported values have changed during the programme.

Parents and guardians may view the account activity, including through standard banking channels and registration updates provided by the ASPIRE framework. That access does not give them withdrawal authority. The ASPIRE Council’s role is broader oversight: fund governance, asset management, educational integration, and programme evaluation.","If an ASPIRE participant in St. Kitts and Nevis sees EC$80 in the ASPIRE portal while planning for school supplies, the quarterly valuation statement is another way to see the reported current value of savings and investments. A parent or guardian may view the activity, but may not withdraw the money.","[{""wrong"": ""If a parent can see the ASPIRE account, the parent can also withdraw from it."", ""right"": ""Parents and guardians can view account activity, but they cannot make withdrawals.""}, {""wrong"": ""Participants only find out the value of ASPIRE savings and investments at the end of the programme."", ""right"": ""Participants can view account activity through the ASPIRE portal, and quarterly valuation statements report the current value of savings and investments.""}, {""wrong"": ""ASPIRE funds are kept in an unknown private place."", ""right"": ""The savings are held at the St. Kitts-Nevis-Anguilla National Bank, which is government-backed.""}]","{""example_balance_xcd"": 80}",
CON-0015,aspire_investment_component,ASPIRE investment component,aspire_programme,9-12,adult,draft,ASP-080 ASP-085 ASP-086 ASP-087 ASP-088 ASP-089 ASP-090 ASP-091 ASP-092 ASP-095 ASP-096 ASP-097 ASP-098 ASP-103 ASP-259 ASP-274 ASP-281 ASP-330 ASP-333,ASPIRE investments | what ASPIRE invests in | money put into shares | investment part of ASPIRE | local company investments | choosing my investments,growth_stack timeline reveal_cards,11,,"ASPIRE has a savings part and an investment part. The seeded savings accounts are active and earning interest. The investment-shares part is being brought on stream in 2026.

In the investment part, EC$500 of the EC$1,000 government contribution is put into shares of local, government-owned entities. These include the St. Kitts-Nevis-Anguilla National Bank and St. Kitts-Nevis Cable Communications Ltd, known as The Cable.

Participants do not choose the companies. The programme predetermines the investments. The investment cannot be withdrawn before the participant completes the ASPIRE Programme. Share values can change, and quarterly statements keep participants informed.","The ASPIRE investment component is the share-investment part of the programme. EC$500 of the EC$1,000 government contribution is invested in shares of local, government-owned entities. Examples named for ASPIRE are the St. Kitts-Nevis-Anguilla National Bank and St. Kitts-Nevis Cable Communications Ltd, known as The Cable.

This is not a personal stock-picking feature. Participants cannot select individual investments; the programme predetermines the investments in specific government-owned companies. The investment-shares component is scheduled to be brought on stream in 2026, while the seeded savings accounts were active from the start and earning interest.

The investment can grow as the value of the underlying shares changes and as dividends are reinvested. Reinvested dividends can compound the participant’s holdings over the years in the programme. The investment is locked in until the participant completes ASPIRE. Values can change, so quarterly statements are used to keep participants informed.","ASPIRE’s investment component is designed to give participants an ownership stake in parts of the national economy while providing a path to financial growth through dividends and reinvestment. EC$500 of the EC$1,000 government contribution is invested in shares of local, government-owned entities, including the St. Kitts-Nevis-Anguilla National Bank and St. Kitts-Nevis Cable Communications Ltd, known as The Cable.

The programme, not the participant, chooses the investments. This means a participant cannot decide to move the ASPIRE investment into a different company or pick individual shares. The investment-shares component is scheduled for rollout in 2026; the seeded savings accounts were already active and earning interest before the full activation of the share component.

Growth can happen in more than one way. The value of the shares can change, and dividends from the shares are automatically reinvested rather than paid out. That reinvestment allows returns to compound over the years the participant remains in ASPIRE. The investments are locked in until the participant completes the programme, and quarterly statements help participants follow what is happening.","The ASPIRE investment component is the portion of the programme that places part of the government contribution into shares. EC$500 of the EC$1,000 government contribution is invested in shares of local, government-owned entities. The named entities include the St. Kitts-Nevis-Anguilla National Bank and St. Kitts-Nevis Cable Communications Ltd, known as The Cable.

The investment choices are predetermined by the programme. Participants cannot select individual investments, and they cannot withdraw the investment before completing the ASPIRE Programme. The seeded savings accounts were active from the start and earning interest, while the investment-shares component is scheduled to be brought on stream in 2026.

The purpose is to foster a sense of ownership in the national economy and provide an opportunity for financial growth through dividends and reinvestment. Dividends are automatically reinvested rather than paid out, so returns can compound over the years the participant remains in the programme. These are investments in established local government-owned entities, but values can change. Quarterly statements keep participants informed. Citizens can follow ASPIRE social media handles and visit the official portal at aspire.gov.kn for updates on the 2026 rollout.","For a participant in St. Kitts and Nevis, EC$500 of the EC$1,000 ASPIRE government contribution is invested in shares of local, government-owned entities such as the National Bank and The Cable. The participant does not choose the companies, and any dividends are reinvested.","[{""wrong"": ""Participants can choose their own ASPIRE investments."", ""right"": ""The investments are predetermined by the programme and made in specific government-owned companies.""}, {""wrong"": ""Dividends from ASPIRE investments are paid out to participants right away."", ""right"": ""Dividends are automatically reinvested rather than paid out.""}, {""wrong"": ""ASPIRE investment values cannot change."", ""right"": ""ASPIRE invests in established local government-owned entities, but investment values can change.""}]","{""invested_amount_xcd"": 500, ""government_contribution_xcd"": 1000, ""investment_rollout_year"": 2026}",
CON-0016,share_ownership,Share ownership,investing,13-15,adult,draft,ASP-020 ASP-104,owning shares | being part owner | company ownership | my stake in a company | children owning shares | shareholder,flow_diagram reveal_cards sort_buckets,9,,,"Share ownership means having a real ownership stake in a company through shares. In ASPIRE, part of each child’s contribution is invested in shares of local government-owned companies. That means the young person is not only learning about companies; they have a real stake in local companies.

Owning shares early gives a child a financial asset. It also gives exposure to how markets and dividends work. The idea is that young people can begin to understand company ownership by actually taking part in it.

This matters because share ownership has often been a benefit mainly available to privileged families. ASPIRE uses local company shares to give young people a sense of participation in the national economy.","A share represents an ownership stake in a company. Through ASPIRE, a portion of each child’s contribution is invested in shares of local government-owned companies. This gives the young person a real ownership stake, not just a description of how ownership works.

Owning shares early gives a young person a financial asset. It also gives exposure to how markets and dividends work, because the learner is connected to the experience of holding shares in local companies.

The ownership idea is also civic. ASPIRE links share ownership to participation in the national economy. Young people can see that local companies are not only places adults talk about; they can be companies in which citizens may have a stake. The programme also widens access, because benefits like early share ownership were traditionally available mainly to privileged families.","Share ownership is the holding of shares that give a person an ownership stake in a company. In ASPIRE, a portion of each child’s contribution is invested in shares of local government-owned companies. The child therefore receives more than a classroom idea about ownership; the child receives a real ownership stake in local companies.

The source rows describe three connected benefits. First, owning shares early gives children a financial asset. Second, it gives exposure to how markets and dividends work. Third, it gives children a real stake in local companies and a sense of participation in the national economy.

For adult financial-literacy teaching, the important point is access. Share ownership and the learning that comes with it have traditionally been available mainly to privileged families. ASPIRE is presented as a way to broaden that access by connecting children’s contributions to shares in local government-owned companies.","If an ASPIRE child contribution is EC$20, part of that contribution can be invested in shares of local government-owned companies, giving the child a real ownership stake.","[{""wrong"": ""Children owning shares is only a classroom example."", ""right"": ""Through ASPIRE, children can have a real ownership stake in local government-owned companies.""}, {""wrong"": ""Owning shares early gives no real asset."", ""right"": ""Owning shares early gives children a financial asset.""}, {""wrong"": ""Share ownership is only a benefit for privileged families."", ""right"": ""ASPIRE is described as giving young people access to benefits that were traditionally available mainly to privileged families.""}]","{""example_contribution_xcd"": 20}",
CON-0017,dividends_reinvestment,Dividends and reinvestment,investing,13-15,adult,draft,ASP-099 FIN-196 FIN-213,dividends | money paid from shares | investment returns | putting earnings back in | reinvesting profits | shares paying money,growth_stack compare timeline,9,,,"A dividend is a share of a company’s profit paid to people who own shares in that company. It is usually paid once or twice a year. Not every company pays dividends. Some companies use all their profits to help the business grow instead.

Reinvesting means using the dividend you receive to buy more of the same investment instead of spending it. For example, you might choose not to use a dividend for a patty or a snow cone, and use it to grow your investment holdings instead.

In ASPIRE, dividends from a participant’s shares are automatically reinvested. That means the dividends are used to grow the participant’s holdings over time. Reinvesting is what switches on compounding inside a portfolio, and over decades the difference can be enormous.","A dividend is a portion of a company’s profit paid out to shareholders. It is usually paid once or twice a year, but not every company pays dividends. Some companies do not pay one because they reinvest all profits back into growing the business.

Reinvestment can happen from the shareholder’s side too. If you receive a dividend or interest and use it to buy more of the investment instead of spending it, you are reinvesting. The key choice is whether the payment leaves the portfolio for spending, such as on school supplies or Carnival items, or stays in the portfolio to buy more of the investment.

In ASPIRE, dividends from a participant’s shares are automatically reinvested to grow holdings over time. This matters because reinvesting switches on compounding inside a portfolio. Over decades, the difference between spending the payments and reinvesting them can be enormous.","A dividend is a portion of a company’s profit paid to its shareholders, usually once or twice a year. Dividends are not automatic for every company. Some companies pay them, while others reinvest all profits back into growing the business instead of paying a dividend.

Reinvestment is the investor’s use of dividends or interest to buy more of the investment rather than spending the payment. In practical terms, a dividend can either be taken out for current spending or kept working inside the portfolio. When it is reinvested, it increases the investor’s holdings over time.

ASPIRE uses this approach automatically: dividends from a participant’s shares are reinvested to grow the participant’s holdings. The source rows describe reinvestment as the way compounding is switched on inside a portfolio. Over decades, the difference can be enormous. For an adult comparing investment choices, the useful distinction is between a company that pays dividends, a company that keeps profits to grow, and an investor who reinvests any dividends received.","If an ASPIRE participant’s shares receive an EC$20 dividend, that EC$20 is automatically reinvested instead of being used for something like snow cones. The result is that the participant’s holdings grow over time.","[{""wrong"": ""Every company pays dividends."", ""right"": ""Not every company pays dividends; some reinvest all profits back into growing the business.""}, {""wrong"": ""Reinvesting means spending the dividend later."", ""right"": ""Reinvesting means using the dividend or interest to buy more of the investment instead of spending it.""}, {""wrong"": ""A dividend is separate from company profits."", ""right"": ""A dividend is a share or portion of a company’s profit paid to shareholders.""}]","{""dividend_xcd"": 20, ""usual_dividend_payments_low_per_year"": 1, ""usual_dividend_payments_high_per_year"": 2}",
CON-0018,investment_risk_value,Investment risk and value changes,investing,13-15,adult,draft,ASP-095 FIN-205 FIN-206 FIN-207 FIN-208 FIN-209 FIN-210 FIN-211 FIN-216 FIN-218 FIN-328 FIN-357 FIN-358 FIN-361 FIN-362,investment risk | can shares lose value | investment value | how investments grow | stock value updates | money going up and down,simulator timeline compare,12,,,"Investment risk means the chance that money you put into an investment can lose value. A consequence is what actually happens after a decision; risk is the chance that a loss could happen before you know the result. If a statement shows that an investment is worth less than before, the value has changed, and the loss may become locked in if you sell in panic at the bottom.

Risk and return are linked. A savings account is low risk and low return. Shares are higher risk and have historically had higher return. An offer that claims high return with no risk is a warning sign, because higher expected return comes with higher risk of loss.

The right amount of risk depends on how soon you need the money and how you feel about ups and downs. Money needed within a year, or money for essentials such as school fees, should not be exposed to investment risk. Money you will not touch for many years can better handle short-term falls. Spreading money across different investments also helps, because one bad outcome is less likely to sink the whole plan.","Investment value is not fixed. It can move up or down, and volatility is the word for how much that value swings. High volatility does not automatically mean a bad investment; it means the ride may feel uncomfortable. The danger is selling in panic when the value is low, because that can lock in a loss that was only a value drop before you sold.

Risk and expected return usually move together. A savings account is low risk and low return, while shares are higher risk and have historically had higher return. This is why a promise of high return with no risk should be treated as misleading. Investing is different from gambling because investing puts money into productive assets with a reasoned expectation of growth over time, while gambling or speculation bets on short-term price moves without an underlying claim on real value.

How much risk to take depends on time horizon and temperament. Money needed within a year should not be put at risk, and essential money such as rent, school fees, or an emergency fund should not be exposed to investment risk. For money you will not touch for twenty years, short-term falls may be easier to absorb in exchange for higher expected growth. Diversification also matters: spreading money across different investments helps stop one bad outcome from sinking you.","Investment risk is the possibility that an investment loses value. Statements may show values moving up or down, and those changes are part of investing. ASPIRE, for example, invests in established, local government-owned entities and reinvests dividends to support steady long-term growth, but values can still change, and quarterly statements keep participants informed.

Risk should be matched to purpose. Money needed within a year should not be at risk, and rent money, school fees, and an emergency fund should never be exposed to investment risk. Money that will not be touched for twenty years can absorb short-term falls more easily in exchange for higher expected growth. Generally, investing is better suited to at least five years, and ideally much longer, because short horizons increase the chance of needing money when the market is down.

Higher expected return comes with higher risk of loss, so any offer of high return with no risk is a warning sign. Diversification helps by spreading money across different investments so one bad outcome does not sink the whole plan. Timing the market is extremely difficult, even for professionals; historically, staying invested through ups and downs has beaten jumping in and out. Fees also matter because brokerage and management fees come out of returns every year, and over decades even a one percent difference can consume a large share of the final balance.","You save EC$5 each week for 4 weeks, so you have EC$20 toward buying a small quantity of shares through a broker in St. Kitts and Nevis. If a later statement shows EC$18, the EC$2 drop is a value change and shows why investment money should be money you can afford to put at risk.","[{""wrong"": ""If an investment value falls, it must be a bad investment."", ""right"": ""A value fall can be part of volatility; high volatility means an uncomfortable ride, not automatically a bad investment.""}, {""wrong"": ""High return with no risk is a normal investment offer."", ""right"": ""Higher expected returns come with higher risk of loss, so high return with no risk is a warning sign.""}, {""wrong"": ""The best way to invest is to jump in and out before prices move."", ""right"": ""Consistently predicting short-term moves is extremely difficult, and staying invested through ups and downs has historically beaten trying to time the market.""}]","{""weekly_saving_xcd"": 5, ""weeks"": 4, ""starting_total_xcd"": 20, ""lower_statement_value_xcd"": 18, ""value_drop_xcd"": 2}",
CON-0019,compound_interest,Compound interest,saving,9-12,adult,draft,ASP-074 ASP-100 ASP-310 FIN-124 FIN-125 FIN-126 FIN-128 FIN-131 FIN-331,interest on interest | money growing by itself | growth over time | earning on what you earned | compound growth | savings snowball | growth snowball | rule of 72,growth_stack timeline compare,12,,"When you save money, it may earn interest. If you leave that interest with the saved money, the next interest can be earned on a bigger amount. It is like a snowball rolling downhill. It picks up snow, gets bigger, and then picks up even more snow.

For example, EC$1,000 earns EC$50. If the EC$50 stays with the savings, the next year interest can be earned on EC$1,050. After that, the base can become EC$1,102.50. Each time the base is bigger, the growth can speed up. Taking the interest out means it cannot help the next round grow.","Compound interest means earning returns on your original money and also on the returns already generated. A simple way to picture it is a snowball rolling downhill: it picks up snow, becomes bigger, and then picks up even more. With savings, the same idea happens when the interest stays in the account instead of being taken out.

The numbers show the idea clearly. If EC$1,000 earns EC$50, the next year interest can be earned on EC$1,050. Then it can be earned on EC$1,102.50, and so on. The base gets bigger, so growth accelerates over time.

Starting early matters because compounding rewards time more than amount. Someone saving EC$100 a month from age 15 will usually finish ahead of someone saving EC$200 a month starting at 35. Compound interest can also work against you, because unpaid credit card balances compound too.","Compound interest is growth on both the principal and the interest already accumulated. If returns are left in place, the base for the next round is larger. For example, EC$1,000 earns EC$50, so the next year interest is earned on EC$1,050, then on EC$1,102.50, and so on. This is why compound interest makes money grow faster, not slower.

Time is a major part of the effect. In one example, saving EC$50 a month from age 10 to age 18 at 5 percent means deposits of EC$4,800 and an ending amount of roughly EC$5,900. If that amount is then left untouched to age 40 without adding a cent, it grows to about EC$17,000. The later growth comes from time and compounding, not from adding more money.

The same force can work against a borrower. Unpaid credit card balances compound too, so debt can quietly multiply. That is why compound interest belongs in both saving decisions and credit evaluation.","Compound interest is interest earned on interest, or returns earned on both the original money and the returns already generated. The key action is leaving the interest or returns in place. If EC$1,000 earns EC$50, the next year the base is EC$1,050. After another round, the base can be EC$1,102.50. Each year the base is bigger, so growth accelerates.

This is why time matters so much. Compounding rewards time more than amount. Someone saving EC$100 a month from age 15 will usually finish ahead of someone saving EC$200 a month starting at 35, because the early years do heavy lifting. In another example, saving EC$50 a month from age 10 to age 18 at 5 percent creates EC$4,800 in deposits and roughly EC$5,900. Left untouched to age 40, it grows to about EC$17,000 without adding a cent.

Compound interest is not only a savings idea. It can work against people when unpaid credit card balances compound. The same mechanism that builds savings can multiply debt, so it is useful for saving choices, credit evaluation, and understanding why carrying a balance is expensive.","In St. Kitts and Nevis, if EC$1,000 set aside for school supplies earns EC$50 and the EC$50 is left with it, the next year interest is earned on EC$1,050. That is compound interest: the original money and the interest already earned are both working.","[{""wrong"": ""Compound interest is earned only on the original money."", ""right"": ""Compound interest is earned on the original money and on the interest or returns already generated.""}, {""wrong"": ""Compound interest makes savings grow slower."", ""right"": ""Compound interest makes savings grow faster because the base gets bigger over time.""}, {""wrong"": ""Compound interest only helps savers."", ""right"": ""It can also work against borrowers because unpaid credit card balances compound too.""}]","{""local_starting_savings_xcd"": 1000, ""local_interest_earned_xcd"": 50, ""local_next_base_xcd"": 1050}",
CON-0020,aspire_financial_education,ASPIRE financial education,aspire_programme,9-12,adult,draft,ASP-018 ASP-022 ASP-079 ASP-098 ASP-100 ASP-102 ASP-107 ASP-108 ASP-112 ASP-113 ASP-114 ASP-115 ASP-116 ASP-117 ASP-120 ASP-121 ASP-122 ASP-123 ASP-126 ASP-163 ASP-164 ASP-167 ASP-186 ASP-188 ASP-190 ASP-191 ASP-227 ASP-228 ASP-266 ASP-304 ASP-305 ASP-307 ASP-308 ASP-309 ASP-312 ASP-329 ASP-336 FIN-313 FIN-327,ASPIRE lessons | financial literacy classes | ASPIRE curriculum | teacher-led money lessons | interactive money learning | ASPIRE learning resources,simulator sort_buckets reveal_cards,15,"ASPIRE money lessons help young learners learn about money.

They can happen at school or at ASPIRE events. Teachers may use short lessons, fun tasks, and videos.

You learn how to plan, save, and spend. You may talk about a snow cone today. You may plan for school supplies later. The lessons fit your age. ASPIRE wants smart money habits to last for life.","ASPIRE financial education is a set of money lessons for young learners. It teaches money management, budgeting, saving, investing, entrepreneurship, and how financial markets work. The lessons are matched to different ages, so learners are not all taught in the same way.

Students learn through schools and other institutions across St. Kitts and Nevis. ASPIRE uses interactive lessons, workshops, digital resources, and classroom materials, not lectures alone. Teachers can use bite-sized lessons to support the national curriculum.

The lessons connect to real money habits. A savings account gives students a way to practise tracking balances, seeing interest, and building regular saving habits. ASPIRE also encourages parents and guardians to reinforce the lessons at home.","ASPIRE financial education is the learning side of the ASPIRE programme. It covers budgeting, saving, investing, entrepreneurship, financial-market literacy, money management, and debt management. It also teaches concepts such as compound interest and dividends, so learners can understand how money can grow and how ownership can work.

The programme is delivered through schools and other institutions across the Federation. Lessons are age-appropriate and use interactive activities, workshops, digital resources, assemblies, and classroom materials. The ASPIRE team also visits schools during the school year to give presentations and support enrolment.

ASPIRE connects classroom learning with practical experience. Savings accounts help students track interest earnings and balances, while the investment component helps students understand the shares they hold. Periodic assessments check whether participants are grasping key ideas and can apply them effectively.","For older students, ASPIRE financial education is meant to prepare learners for adult financial responsibilities. It teaches budgeting, saving, investing, entrepreneurship, financial-market literacy, debt management, compound interest, dividends, and investment strategies. These topics help students understand both everyday choices and bigger decisions connected to ownership, markets, and borrowing.

The learning is delivered through schools and other institutions, with support from ASPIRE events. Schools host lessons, assemblies, and sign-up drives, and the ASPIRE team visits schools across St. Kitts and Nevis during the school year. ASPIRE also uses interactive lessons, workshops, digital resources, and classroom materials, so learning is hands-on rather than lectures alone.

ASPIRE also includes events for older learners. The ASPIRE Financial Symposium has been used as a hands-on event for Nevis fifth and sixth form graduates at the Nevis Performing Arts Centre, aimed at preparing students for adult financial responsibilities. Periodic assessments are part of the education component, so participants can show that they understand and can apply the key concepts.","For adults, ASPIRE financial education is not just a school subject for children. It is the part of the programme that Prime Minister Dr. Drew has described as most important, because it aims to build a culture of financial wisdom that lasts a lifetime. The curriculum covers money management, budgeting, saving, investing, entrepreneurship, financial-market literacy, debt management, compound interest, dividends, and investment strategies.

Schools are central to delivery, but the support network is wider. The Ministry of Education collaborates on delivering the curriculum in schools, and the Eastern Caribbean Central Bank partners with the Ministry of Education to design and deliver the financial-literacy curriculum and run educator training sessions. Teachers can use ASPIRE classroom materials and bite-sized financial lessons, including resources available through aspire.gov.kn and official media updates.

Parents, guardians, and communities also have a role. ASPIRE encourages families and communities to reinforce lessons at home, and it shares digital lessons, social media videos, guides, event announcements, and classroom materials. Financial Literacy Day and school assemblies bring in financial experts, teachers, business leaders, and community advocates to discuss budgeting, saving, wise investing, and avoiding common financial mistakes.","In an ASPIRE classroom activity, a learner has EC$20 to plan with and compares using EC$5 for a snow cone with keeping EC$15 for school supplies. The point is to practise budgeting, saving, and spending choices using familiar St. Kitts and Nevis examples.","[{""wrong"": ""ASPIRE financial education is only about opening a savings account."", ""right"": ""It teaches money management, budgeting, saving, investing, entrepreneurship, financial-market literacy, and debt management, while the savings account gives practical experience.""}, {""wrong"": ""ASPIRE lessons are lectures only."", ""right"": ""The programme emphasises hands-on, fun, interactive learning, including workshops, digital resources, assemblies, and classroom materials.""}, {""wrong"": ""ASPIRE money lessons stop at the classroom door."", ""right"": ""ASPIRE encourages parents, guardians, and communities to reinforce the lessons at home and beyond school.""}]","{""example_start_xcd"": 20, ""example_snow_cone_xcd"": 5, ""example_school_supplies_xcd"": 15}",
CON-0021,debt_and_enterprise,Debt and entrepreneurship basics,earning,13-15,adult,needs_review,ASP-306,learning about debt | debt management | starting a business | entrepreneurship | borrowing wisely | business money skills,sort_buckets flow_diagram reveal_cards,9,,,"Debt and enterprise basics can be learned from the financial subjects named in the ASPIRE educational materials: budgeting methods, saving strategies, wise investment techniques, avoiding financial errors, and debt management. From the supplied source, the strongest supported part of this concept is debt management. The source does not give detailed steps for starting a business, but it does show that handling debt belongs inside financial learning.

For a young person thinking about earning money, these subjects form a simple thinking map. Budgeting methods help you plan money. Saving strategies help you prepare. Wise investment techniques point to careful money choices. Avoiding financial errors reminds you to check before acting. Debt management is the part that focuses on money owed and how it is handled. Together, these ideas help you slow down and organise money choices before a small earning idea, such as school-supplies sales or saving for a bicycle.","For this concept, the supported learning outcome is to recognise debt management as a key financial subject. In the ASPIRE educational materials, debt management appears alongside budgeting methods, saving strategies, wise investment techniques, and avoiding financial errors. That grouping matters for anyone thinking about earning activities, because debt should not be separated from planning, saving, investment choices, and error-checking.

A practical way to use the idea is to treat each money decision as something to sort. If money is being planned, use budgeting methods. If money is being kept for later, connect it to saving strategies. If money is being put into an opportunity, connect it to wise investment techniques. If a choice may create a mistake, use the idea of avoiding financial errors. If money is owed, place it under debt management. The supplied source does not give a full entrepreneurship guide, but it does support this basic habit: debt belongs in a managed plan, not outside the plan.","Debt and entrepreneurship basics, using only the supplied source, should be taught as debt management within a wider set of financial subjects. The ASPIRE educational materials cover budgeting methods, saving strategies, wise investment techniques, avoiding financial errors, and debt management. The source does not provide detailed business-start-up rules, but it does support the idea that debt management is part of sound financial education.

For an adult learner considering an earning activity, the useful takeaway is organisational. Keep debt in view beside the other money topics. A budget gives structure to planned money use. Saving strategies help with preparation. Wise investment techniques apply when money is placed into an opportunity. Avoiding financial errors provides a check before decisions are made. Debt management names the need to handle money owed deliberately. This is enough to build a basic decision frame, even though the source does not support claims about loan terms, business registration, repayment schedules, prices, profit, or legal requirements in St. Kitts and Nevis.","In St. Kitts and Nevis, a learner plans a Carnival costume using a budget: EC$30 saved and EC$20 owed are written separately, making a EC$50 plan. The EC$20 owed is the part to treat as debt management.","[{""wrong"": ""Debt is outside financial education."", ""right"": ""Debt management is one of the financial subjects covered in the ASPIRE educational materials.""}, {""wrong"": ""Budgeting, saving, investment, error-checking, and debt are unrelated topics."", ""right"": ""The source presents them together as financial subjects in the ASPIRE materials.""}, {""wrong"": ""The supplied source gives full instructions for starting a business."", ""right"": ""The supplied source supports broad financial subjects, including debt management, but not a full entrepreneurship guide.""}]","{""saved_xcd"": 30, ""owed_xcd"": 20, ""total_plan_xcd"": 50}",only 1 source row(s)
CON-0022,aspire_completion_rules,ASPIRE completion rules,aspire_programme,9-12,adult,draft,ASP-043 ASP-127 ASP-128 ASP-129 ASP-130 ASP-137 ASP-138 ASP-142 ASP-145,finishing ASPIRE | completing the programme | minimum time in ASPIRE | what happens at 18 | completion certificate | getting money after completion,timeline compare flow_diagram,12,,"ASPIRE has rules for when a participant finishes the programme. A participant must stay for a minimum of 5 years, or until they turn 18, whichever is later. This means the later time is the one that counts for completion.

For example, if a participant joined at 14, 5 years would take them to 19, which is later than 18. When a participant completes ASPIRE, they gain full access to their savings and investment returns. They also receive a certificate of completion.

The minimum time gives the savings and investments time to grow. It also supports the financial-education journey that ASPIRE is built around.","Completing ASPIRE is not just about reaching one birthday. The rule is that a participant must remain in the programme for a minimum of 5 years, or until they turn 18, whichever is later. Completion is reached only after that required minimum period has been met.

That rule also explains what happens near age 19. ASPIRE targets youth aged 5 to 18 for new enrolment. If a participant has already joined and is about to turn 19, they continue under the programme’s completion rules rather than using the new-enrolment rule.

Money access is tied to completion. A participant can access their savings and investment returns only upon completing the programme. At that point, they gain full access to those funds and receive a certificate of completion. If there is a question about leaving early because of individual circumstances, the source guidance is to contact the ASPIRE administrators.","ASPIRE completion uses a “whichever is later” rule. A participant must stay in the programme for a minimum of 5 years, or until they turn 18, whichever comes later. Turning 18 is therefore not always the same thing as completing ASPIRE. If the 5-year minimum has not yet been met, the participant remains in the programme until the later requirement is satisfied.

For example, a participant who joined at 16 would reach the 5-year minimum at 21, which is later than 18. A participant who joined much earlier may have already met the 5-year minimum before 18, so age 18 may be the later point. Completion is reached after the required minimum period has been met.

Upon completion, the participant gains full access to their savings and investment returns and receives a certificate of completion. The minimum time commitment is part of the programme design: it ensures the savings and investments have time to grow and compound, and that participants complete the financial-education journey built into ASPIRE. Questions about individual early-leaving circumstances should be taken to the ASPIRE administrators.","ASPIRE’s completion rule is based on time in the programme and age. A participant must remain for a minimum of 5 years, or until they turn 18, whichever is later. In practice, the later of those two points controls when completion is reached. Completion is not created by age alone, and it is not created by time alone unless that time is the later requirement.

For example, a participant who joined at 14 would meet the 5-year minimum at 19, so 19 is the later point. A participant who joined at 16 would meet the 5-year minimum at 21, which is also later than 18. These examples follow the same rule: the required minimum period must be satisfied before completion.

New enrolment is for youth within the eligible age range of 5 to 18. A participant who has already joined and is about to turn 19 continues under ASPIRE’s completion rules. When a participant completes the programme, they gain full access to their savings and investment returns and receive a certificate of completion. The stated purpose of the minimum commitment is to give savings and investments time to grow and compound, and to support completion of the financial-education journey. For individual early-leaving questions, the guidance is to contact the ASPIRE administrators.","In St. Kitts and Nevis, a participant who has completed ASPIRE could use EC$80 from their savings and investment returns for school supplies. Before completion, access to those savings and investment returns is not available under the programme rules.","[{""wrong"": ""Turning 18 always means a participant has completed ASPIRE."", ""right"": ""Completion happens after the minimum of 5 years or age 18, whichever is later.""}, {""wrong"": ""A participant can access their ASPIRE money whenever they want."", ""right"": ""A participant can access their savings and investment returns only upon completing the programme.""}, {""wrong"": ""A participant who has already joined and is about to turn 19 simply leaves the programme."", ""right"": ""A participant who has already joined continues under ASPIRE’s completion rules.""}]","{""new_enrolment_min_age"": 5, ""new_enrolment_max_age"": 18, ""minimum_years"": 5, ""age_18"": 18, ""about_to_turn_age"": 19, ""join_age_example_1"": 14, ""completion_age_example_1"": 19, ""join_age_example_2"": 16, ""completion_age_example_2"": 21, ""local_example_amount_xcd"": 80}",
CON-0023,early_withdrawal_limits,Early withdrawal limits,aspire_programme,9-12,adult,draft,ASP-068 ASP-092 ASP-101 ASP-131 FIN-328,locked funds | locked shares | no early withdrawal | emergency access | leaving ASPIRE early | top-up money locked,timeline reveal_cards flow_diagram,12,,"In ASPIRE, some money is locked until the participant completes the programme. Locked means the participant cannot take it out early. This applies to the investment, the shares, and the seed amount.

If a participant adds extra money by choice, that top-up is locked too. It is treated the same way as the seed amount for withdrawal. Even if the participant later has an emergency, the programme design still keeps savings and investments locked until completion. The money can only be withdrawn by the participant when the programme is completed.","Early withdrawal limits in ASPIRE mean the participant cannot take programme funds out before completing the programme. The investment is locked in until completion. The investment shares are also locked in and cannot be withdrawn early.

The same rule applies to money added voluntarily. If a participant adds a top-up, that extra money is locked for the duration of the programme, just like the seed amount. It can only be withdrawn on completion.

This matters because “extra” does not mean “available whenever needed.” The source rule also says savings and investments, including additional deposits, cannot be accessed early for emergencies. So if EC$20 is voluntarily added, that EC$20 becomes locked inside ASPIRE until the participant completes the programme.","An early withdrawal limit is a rule that restricts access to money before a set point. In ASPIRE, the set point is completion of the programme. Investments are locked in until the participant completes ASPIRE, and investment shares cannot be withdrawn until that completion point.

The rule also covers voluntary top-ups. If a participant adds extra money, those additional funds are locked for the duration of the programme in the same way as the seed amount. They can only be withdrawn on completion.

The emergency-access question is answered the same way. The programme design locks savings and investments until completion, including any additional deposits. That means an ASPIRE balance is not the same as cash kept aside for quick access. For example, if EC$20 is added voluntarily and the participant later wants money for school supplies, that EC$20 cannot be taken back early from ASPIRE.","ASPIRE’s early withdrawal limits are strict. Investments are locked in until the participant completes the ASPIRE Programme. Investment shares are also locked and cannot be withdrawn until completion.

The same treatment applies to voluntary additional deposits. If a participant adds extra money, that top-up is locked for the duration of the programme, just like the seed amount. It can only be withdrawn on completion by the participant.

The rule does not change for emergencies. The programme design locks savings and investments until completion, including additional deposits. This means ASPIRE funds should be understood as programme-locked funds, not funds that can be accessed early on request. If EC$20 is added voluntarily, that EC$20 becomes unavailable for withdrawal until the participant completes the programme.",A participant in St. Kitts and Nevis voluntarily adds EC$20 to ASPIRE instead of spending it on a Carnival costume item. That EC$20 is locked and cannot be withdrawn until the participant completes the programme.,"[{""wrong"": ""Extra money added voluntarily can be taken back early because it was not the seed amount."", ""right"": ""Voluntary additional funds are locked for the duration of the programme, the same as the seed amount.""}, {""wrong"": ""ASPIRE shares can be withdrawn before the programme is completed."", ""right"": ""Investment shares are locked in and cannot be withdrawn until the participant completes the programme.""}, {""wrong"": ""An emergency allows early access to ASPIRE savings and investments."", ""right"": ""The programme design locks savings and investments until completion, including additional deposits.""}]","{""voluntary_top_up_xcd"": 20}",
CON-0024,account_ownership_access,ASPIRE account ownership and access,aspire_programme,9-12,adult,draft,ASP-073 ASP-132 ASP-134 ASP-135,who owns the funds | parent account access | guardian monitoring | account statements | who can withdraw | participant money rights,sort_buckets flow_diagram reveal_cards,12,,"An ASPIRE account has money for the ASPIRE participant, the child. The money belongs to the participant. A parent or guardian may look at the account and see account activity. But looking at it is not the same as owning it.

Parents and guardians cannot withdraw the funds from the ASPIRE account. They have viewing access only. If the participant passes away or becomes incapacitated, the funds are transferred to the participant's next of kin. The main idea is: the participant owns the funds, while parents and guardians can monitor what is happening without taking the money out.","Ownership and access are separate in an ASPIRE account. The funds belong to the ASPIRE participant, who is the child. Parents and guardians can view the account activity, so they can monitor what is happening in the account.

Viewing access does not give a parent or guardian the right to withdraw the funds. A parent or guardian may be able to see activity, but the money is still the participant's money. This is why a statement such as “my parent can see the ASPIRE account” is not the same as “my parent owns the funds.”

There is also a rule for serious situations. If the participant passes away or becomes incapacitated, the funds are transferred to the participant's next of kin. So the account is built around the participant's ownership, with parent or guardian monitoring but no parent or guardian withdrawals.","For an ASPIRE account, the key distinction is between ownership and viewing access. The funds belong to the ASPIRE participant, meaning the child. Parents and guardians can monitor the account because they can view the account activity. That access lets them see what is happening, but it does not make them the owners of the funds.

Parents and guardians have viewing access only. They cannot withdraw the money from the ASPIRE account. So if a parent or guardian can see the activity, that should be understood as monitoring access, not withdrawal authority. The participant remains the owner of the funds.

The account also has a rule for unfortunate circumstances. If a participant passes away or becomes incapacitated, the funds are transferred to the participant's next of kin. This means the ASPIRE rules do not treat parent or guardian access as ownership. They separate the participant's funds from the limited monitoring role given to parents and guardians.","ASPIRE account ownership is centred on the participant. The funds in the account belong to the ASPIRE participant, who is the child. Parents and guardians may be able to view the account and view account activity, but that access is limited to monitoring.

The important boundary is withdrawal authority. Parents and guardians cannot withdraw the funds. Their access does not transfer ownership to them, and it does not allow them to remove money from the account. A parent or guardian who can view the activity is still only a viewer, while the participant remains the owner of the funds.

In unfortunate circumstances, ASPIRE also identifies what happens to the funds. If the participant passes away or becomes incapacitated, the funds are transferred to the participant's next of kin. For families, the practical takeaway is that viewing, monitoring, owning, and withdrawing are not the same thing in an ASPIRE account. The participant owns the funds; parents and guardians can view activity; parents and guardians cannot withdraw the money.","If an ASPIRE account in St. Kitts and Nevis shows EC$20 while a child is thinking about a snow cone, the EC$20 still belongs to the ASPIRE participant. A parent or guardian may view the activity, but cannot withdraw it.","[{""wrong"": ""If a parent or guardian can see the ASPIRE account, the money belongs to them."", ""right"": ""The funds belong to the ASPIRE participant. Parents and guardians have viewing access only.""}, {""wrong"": ""Monitoring the account means a parent or guardian can take money out."", ""right"": ""Parents and guardians can view account activity, but they cannot withdraw the funds.""}, {""wrong"": ""If the participant passes away or becomes incapacitated, the funds simply disappear."", ""right"": ""In those circumstances, the funds are transferred to the participant's next of kin.""}]","{""account_funds_xcd"": 20, ""parent_guardian_withdrawal_xcd"": 0}",
CON-0025,enrolment_continuity,Staying enrolled when circumstances change,aspire_programme,9-12,adult,draft,ASP-127 ASP-133 ASP-140 ASP-147,moving abroad | changing schools | home-schooled child | staying in ASPIRE | what if life changes | continuing the programme,flow_diagram timeline reveal_cards,12,,"ASPIRE is meant to continue over time. A participant must stay in the programme for at least 5 years, or until they turn 18, whichever comes later. That means the time rule looks at both how long the child has been in ASPIRE and the child’s age.

Some life changes do not automatically end ASPIRE. If a child changes schools, the child can continue as long as the child remains an eligible citizen, lives in the Federation, and is enrolled in school or home schooling.

A home-schooled child can also stay enrolled if registered with the Ministry of Education. If a participant moves outside Saint Kitts and Nevis, the participant can continue, but arrangements must be made with programme administrators.","Staying enrolled in ASPIRE depends on the programme’s continuity rules. A participant must remain in ASPIRE for a minimum of 5 years, or until turning 18, whichever is later. So the programme does not look only at age, and it does not look only at years enrolled; both matter.

Changing schools does not, by itself, end participation. A child can continue in ASPIRE regardless of which school they attend, as long as the child remains an eligible citizen residing in the Federation and is enrolled in school or home schooling. The school may change, but the key conditions still have to be met.

Home schooling is also covered. A home-schooled child who is registered with the Ministry of Education remains eligible and can stay enrolled in ASPIRE. Moving abroad is different: a participant who relocates outside Saint Kitts and Nevis can continue in the programme, but specific arrangements must be made with the programme administrators.","Enrolment continuity means knowing which changes affect ASPIRE participation and which do not. The basic time rule is that a participant must remain in ASPIRE for a minimum of 5 years, or until they turn 18, whichever is later. Turning 18 is therefore not the only rule to consider; the minimum time in the programme also matters.

A school change does not automatically interrupt participation. If the child remains an eligible citizen residing in the Federation and is enrolled in school or home schooling, the child continues in ASPIRE regardless of which school they attend. This makes the enrolment condition about eligibility, residence, and schooling status rather than the name of one school.

Home schooling can also support continued enrolment when the child is registered with the Ministry of Education. If a participant relocates outside Saint Kitts and Nevis, continuation is still possible, but it is not simply the same as changing schools within the Federation. Specific arrangements must be made with the programme administrators.","ASPIRE has continuity rules for common changes in a child’s circumstances. A participant must remain in the programme for a minimum of 5 years, or until they turn 18, whichever is later. This rule sets the expected minimum period of participation and should be considered alongside any change in schooling, residence, or learning arrangement.

A change of school within the Federation does not, on its own, remove a child from ASPIRE. The child continues in the programme regardless of which school they attend, provided the child remains an eligible citizen residing in the Federation and is enrolled in school or home schooling. The important point is that the qualifying conditions continue even if the school changes.

Home-schooled children can also remain in ASPIRE if they are registered with the Ministry of Education. A relocation outside Saint Kitts and Nevis is handled differently: the participant can continue in the programme, but specific arrangements must be made with programme administrators. In practice, the source rules separate ordinary school changes, registered home schooling, and moving abroad into distinct continuity situations.",A student buys EC$20 in school supplies and then changes schools in St. Kitts. The school change does not end ASPIRE if the child remains an eligible citizen residing in the Federation and enrolled in school or home schooling.,"[{""wrong"": ""Changing schools means the child leaves ASPIRE."", ""right"": ""A child can continue regardless of which school they attend if the eligibility, residence, and schooling conditions are still met.""}, {""wrong"": ""A home-schooled child cannot stay in ASPIRE."", ""right"": ""A home-schooled child registered with the Ministry of Education remains eligible and can stay enrolled.""}, {""wrong"": ""Moving abroad always ends participation."", ""right"": ""A participant who relocates outside Saint Kitts and Nevis can continue, but specific arrangements must be made with programme administrators.""}]","{""school_supplies_xcd"": 20}",
CON-0026,aspire_governance_structure,ASPIRE governance and legal structure,aspire_programme,13-15,adult,draft,ASP-005 ASP-149 ASP-151 ASP-152 ASP-153 ASP-156 ASP-158 ASP-159 ASP-161 ASP-276 ASP-283,ASPIRE law | ASPIRE Bill | ASPIRE Fund | ASPIRE Council | Task Force | who manages ASPIRE,flow_diagram sort_buckets reveal_cards,9,,,"ASPIRE was established by the Government of Saint Kitts and Nevis. It is delivered through partners, including the Ministry of Education, the Eastern Caribbean Central Bank, the Department of Information Technology, and the St. Kitts-Nevis-Anguilla National Bank. It is overseen by the ASPIRE Council and the ASPIRE Task Force.

The legal framework for ASPIRE is the ASPIRE Bill, 2024. The Bill provides for the ASPIRE Fund and creates the ASPIRE Council. The Council manages the programme for the benefit of youth in the Federation, so it is the main body named in the Bill for programme management.

The Task Force has a different job. It leads outreach, communications, and delivery. It works with partners to enrol participants and run events, and it is chaired by Dr. Marcus L. Natta. For money and operations, ASPIRE is managed under the Council, supported by the Task Force, with the ASPIRE Fund giving the financial structure and the National Bank holding participant accounts.","ASPIRE’s governance structure connects the programme to government, law, delivery partners, and financial management. The programme was established by the Government of Saint Kitts and Nevis. It is delivered through partners including the Ministry of Education, the Eastern Caribbean Central Bank, the Department of Information Technology, and the St. Kitts-Nevis-Anguilla National Bank.

The legal framework is the ASPIRE Bill, 2024. This Bill provides for the establishment of the ASPIRE Fund and creates the ASPIRE Council. The Council manages ASPIRE for the benefit of youth within the Federation, and the ASPIRE Bill gives the programme its statutory footing.

The Task Force is not the same as the Council. The ASPIRE Task Force leads outreach, communications, and delivery, works with partners to enrol participants, and helps run events. It is chaired by Dr. Marcus L. Natta. Financially, the ASPIRE Fund provides the structure, the National Bank holds participant accounts, and the Council and financial managers oversee investment strategy and fund stewardship for beneficiaries.","ASPIRE’s governance and legal structure can be read as a chain of roles. The programme was established by the Government of Saint Kitts and Nevis and is delivered through partners, including the Ministry of Education, the Eastern Caribbean Central Bank, the Department of Information Technology, and the St. Kitts-Nevis-Anguilla National Bank. Oversight sits with the ASPIRE Council and ASPIRE Task Force.

The ASPIRE Bill, 2024 is the legal framework. It provides for the ASPIRE Fund and creates the ASPIRE Council, giving the programme its statutory footing. The Council is the body created under the Bill to manage the programme for the benefit of youth within the Federation. ASPIRE is therefore not described only as an activity; it is presented with legislation, a dedicated fund, and a council.

The Task Force handles the delivery side: outreach, communications, enrolment work with partners, and events. It is chaired by Dr. Marcus L. Natta. For financial operations, the ASPIRE Fund provides the financial structure, the National Bank holds participant accounts, and the ASPIRE Council and financial managers oversee investment strategy and fund stewardship. The government presents ASPIRE as a flagship commitment to youth and economic resilience, with plans to expand its reach.","Imagine a young ASPIRE participant in St. Kitts and Nevis sees EC$50 in a National Bank participant account. In the ASPIRE structure, the National Bank holds that participant account, while the ASPIRE Fund provides the financial structure and the ASPIRE Council oversees the programme.","[{""wrong"": ""The ASPIRE Task Force is the same thing as the ASPIRE Council."", ""right"": ""The Council manages the programme under the ASPIRE Bill, 2024, while the Task Force leads outreach, communications, delivery, enrolment work with partners, and events.""}, {""wrong"": ""The National Bank runs all of ASPIRE."", ""right"": ""The National Bank holds participant accounts, but ASPIRE is managed under the ASPIRE Council and supported by the ASPIRE Task Force.""}, {""wrong"": ""ASPIRE has no legal framework."", ""right"": ""ASPIRE is underpinned by the ASPIRE Bill, 2024, which provides for the ASPIRE Fund and creates the ASPIRE Council.""}]","{""example_balance_xcd"": 50}",
CON-0027,aspire_partnerships,ASPIRE partnerships,aspire_programme,9-12,adult,draft,ASP-005 ASP-169 ASP-171 ASP-217 ASP-264 ASP-271 ASP-287,who works with ASPIRE | ASPIRE partner roles | banks and schools helping ASPIRE | agencies working together | community partners in ASPIRE,flow_diagram reveal_cards sort_buckets,12,,"ASPIRE was set up by the Government of Saint Kitts and Nevis. It is not handled by only one group. Several partners help deliver it, including the Ministry of Education, the Eastern Caribbean Central Bank, the Department of Information Technology, and the St. Kitts-Nevis-Anguilla National Bank.

National Bank is the main banking partner. Its role includes account setup, interest yields, and secure financial processing. ASPIRE is also overseen by an ASPIRE Council and an ASPIRE Task Force, which help guide the work.

ASPIRE also connects with the wider community. Community advocates, business leaders, media, schools, and other partners can be involved through outreach events, school visits, public information campaigns, collaboration, or coverage.","ASPIRE is a Government of Saint Kitts and Nevis programme delivered through a partnership structure. The listed partners include the Ministry of Education, the Eastern Caribbean Central Bank, the Department of Information Technology, and the St. Kitts-Nevis-Anguilla National Bank. The programme is overseen by an ASPIRE Council and an ASPIRE Task Force.

The National Bank has a specific financial role. It is the primary banking partner and provides account setup, interest yields, and secure financial processing. The government’s reason for partnering with local banks is to connect young citizens directly with the formal financial system and support early financial inclusion across St. Kitts and Nevis.

ASPIRE’s partnerships also extend beyond agencies and banks. It works with community advocates, business leaders, media, schools, and other partners through outreach events, school visits, and public information campaigns. Organisations can contact ASPIRE by the official email address or social media channels to arrange collaboration or coverage.","ASPIRE is built as a multi-partner programme rather than a programme run by one institution alone. It was established by the Government of Saint Kitts and Nevis and is delivered through partners including the Ministry of Education, the Eastern Caribbean Central Bank, the Department of Information Technology, and the St. Kitts-Nevis-Anguilla National Bank. Oversight is provided by an ASPIRE Council and an ASPIRE Task Force.

The banking partnership is central to ASPIRE’s financial-inclusion purpose. National Bank is named as the primary banking partner, with responsibility for account setup, interest yields, and secure financial processing. The government partnered with local banks to integrate young citizens directly into the formal financial system and promote early financial inclusion across St. Kitts and Nevis.

ASPIRE also uses community-facing partnerships. Community advocates, business leaders, media, schools, and other partners can take part through outreach events, school visits, and public information campaigns. Media, schools, and community partners may contact ASPIRE through its official email address or social media channels when they want to arrange collaboration or coverage.","ASPIRE’s partnership model brings public agencies, financial institutions, schools, media, and community actors into one programme structure. The programme was established by the Government of Saint Kitts and Nevis and is delivered through partners including the Ministry of Education, the Eastern Caribbean Central Bank, the Department of Information Technology, and the St. Kitts-Nevis-Anguilla National Bank. It is overseen by an ASPIRE Council and an ASPIRE Task Force.

National Bank’s role is the clearest operational banking role in the source material. It acts as the primary banking partner and provides account setup, interest yields, and secure financial processing. The stated reason for partnering with local banks is to integrate young citizens directly into the formal financial system and promote early financial inclusion across St. Kitts and Nevis.

ASPIRE also works with community advocates, business leaders, and other partners through outreach events, school visits, and public information campaigns. Media, schools, and community partners can engage with ASPIRE through the official email aspire@gov.kn or through ASPIRE social media channels to arrange collaboration or coverage.","A school in St. Kitts and Nevis could contact ASPIRE to arrange a school visit where students ask how an EC$5 ASPIRE-related payment would be handled. National Bank is the primary banking partner for account setup, interest yields, and secure financial processing.","[{""wrong"": ""ASPIRE is handled by only one office."", ""right"": ""ASPIRE was established by the Government of Saint Kitts and Nevis and is delivered through several partners, with oversight by an ASPIRE Council and ASPIRE Task Force.""}, {""wrong"": ""National Bank is just a sponsor with no programme role."", ""right"": ""National Bank is the primary banking partner and provides account setup, interest yields, and secure financial processing.""}, {""wrong"": ""Only government agencies can connect with ASPIRE."", ""right"": ""ASPIRE also works with community advocates, business leaders, media, schools, and other partners through outreach, school visits, public information, collaboration, or coverage.""}]","{""example_amount_xcd"": 5}",
CON-0028,aspire_funding,ASPIRE funding and contributions,aspire_programme,13-15,adult,draft,ASP-149 ASP-150 ASP-156 ASP-157 ASP-159 ASP-170 ASP-256 ASP-288,who pays for ASPIRE | where the money comes from | ASPIRE contributions | funding the accounts | government support for ASPIRE,flow_diagram compare reveal_cards,9,,,"ASPIRE funding is the money structure behind the programme. The ASPIRE Bill, 2024 provides for the ASPIRE Fund and the ASPIRE Council. The Fund holds and manages the resources that support the programme for participating youth in the Federation.

The Government of Saint Kitts and Nevis funds the EC$1,000 contribution for each eligible child. This initial seed capital is fully provided through the ASPIRE Fund, using the central government and the structures set up by the ASPIRE Bill. The ASPIRE Act also requires equal seed capital of EC$1,000 for every registered eligible child, without discrimination.

The programme is managed under the ASPIRE Council and supported by the ASPIRE Task Force. The National Bank holds participant accounts. Officials have committed to transparent, practical communication, including quarterly statements to participants and public information campaigns about the programme’s progress.","ASPIRE funding means more than a payment into a participant account. It is a public funding arrangement created through law. The ASPIRE Bill, 2024 provides for the ASPIRE Fund and creates the ASPIRE Council, which manages the programme for the benefit of youth in the Federation.

The ASPIRE Fund is the fund used to hold and manage the resources that support the programme for participating youth. The Government of Saint Kitts and Nevis funds the EC$1,000 contribution for each eligible child through the central government and the structures established by the ASPIRE Bill. The initial seed capital is fully provided and funded by the Government through the ASPIRE Fund.

Equal funding is part of the design. The ASPIRE Act mandates equal seed capital of EC$1,000 for every registered eligible child without discrimination. Operationally, the programme is managed under the ASPIRE Council and supported by the ASPIRE Task Force, while the National Bank holds participant accounts. Officials have also committed to transparent and practical communications, including quarterly statements to participants and public information campaigns about progress.","ASPIRE funding is the public financing and governance structure used to support the programme for participating youth in Saint Kitts and Nevis. The ASPIRE Bill, 2024 provides for the establishment of the ASPIRE Fund and the creation of the ASPIRE Council. The Fund is the vehicle that holds and manages the resources supporting the programme, while the Council manages the programme for the benefit of youth in the Federation.

The Government of Saint Kitts and Nevis funds the EC$1,000 contribution for each eligible child. The initial seed capital is fully provided and funded by the Government through the ASPIRE Fund, using the central government and the structures established by the ASPIRE Bill. The ASPIRE Act mandates equal seed capital of EC$1,000 for every registered eligible child without discrimination.

The funding structure is paired with programme administration. ASPIRE is managed under the ASPIRE Council and supported by the ASPIRE Task Force, with the National Bank holding participant accounts. Officials have committed to keeping communications transparent and practical through quarterly statements to participants and public information campaigns about programme progress. The Government presents ASPIRE as a flagship commitment to youth and economic resilience, backed by legislation, a dedicated fund and council, and plans to expand the programme’s reach.","A registered eligible child in St. Kitts and a registered eligible child in Nevis would each receive the same EC$1,000 seed capital funded by the Government through the ASPIRE Fund. Their participant accounts are held at the National Bank.","[{""wrong"": ""ASPIRE contributions are funded by each child or family."", ""right"": ""The EC$1,000 contribution for each eligible child is funded by the Government of Saint Kitts and Nevis through the ASPIRE Fund.""}, {""wrong"": ""Some registered eligible children can receive a larger seed amount than others."", ""right"": ""The ASPIRE Act mandates equal seed capital of EC$1,000 for every registered eligible child without discrimination.""}, {""wrong"": ""ASPIRE money is just held informally by the programme."", ""right"": ""The ASPIRE Fund holds and manages the resources, and the National Bank holds participant accounts.""}]","{""seed_capital_xcd"": 1000, ""bill_year"": 2024}",
CON-0029,aspire_milestones,ASPIRE milestones and growth,aspire_programme,9-12,adult,draft,ASP-172 ASP-173 ASP-174 ASP-175 ASP-176 ASP-177 ASP-182 ASP-183 ASP-320,how ASPIRE is growing | accounts opened so far | ASPIRE progress | participant numbers | ASPIRE achievements,timeline growth_stack reveal_cards,12,,"ASPIRE’s milestones show how the programme has grown over time. It launched in September 2024. Shortly after launch, in November 2024, savings accounts seeded with EC$1,000 each had been opened for 367 young participants, and ASPIRE had received over 1,700 applications by late November 2024.

By December 2024, more than 3,000 young people had registered. By December 2025, 4,207 ASPIRE bank accounts had been opened. These numbers show steady growth: from hundreds of early accounts, to more than 3,000 registrations, to thousands of accounts. ASPIRE is still expanding through outreach and social media so more eligible children and families can be reached.","ASPIRE milestones are public points that show how the programme is developing. The first major point was the September 2024 launch. In November 2024, the ASPIRE Bill was passed, and shortly after launch, savings accounts seeded with EC$1,000 each had been opened for 367 young participants. By late November 2024, ASPIRE had received over 1,700 applications.

The next figures show faster national take-up. By December 2024, more than 3,000 young people had registered for ASPIRE. By December 2025, 4,207 ASPIRE bank accounts had been opened for young beneficiaries across the Federation. The Prime Minister described the response as a strong national response, and ASPIRE Day sign-up events had large turnouts.

It helps to read the numbers carefully. Applications, registrations, and bank accounts are related, but they are not the same measure. Together, the milestones show ASPIRE moving from launch, to early applications and accounts, to thousands of registrations and accounts, while continuing to expand through outreach and social media.","ASPIRE’s growth can be tracked through its milestone timeline. The programme launched in September 2024. In November 2024, the ASPIRE Bill was passed. Around that early launch period, savings accounts seeded with EC$1,000 each had been opened for 367 young participants, while over 1,700 applications had been received by late November 2024.

By December 2024, ASPIRE had passed more than 3,000 registrations. That was highlighted by the Prime Minister as a strong national response. The growth continued into 2025, with the May 2025 Financial Literacy Day and educator training in October 2025 listed among the key milestones. By December 2025, 4,207 ASPIRE bank accounts had been opened.

These milestones are useful because they separate time, activity, and scale. A launch shows when the programme began. A Bill shows a policy step. Applications and registrations show public take-up. Opened accounts show account setup for young beneficiaries. Read together, they show steady expansion from hundreds of early accounts in 2024 to thousands of accounts by December 2025.","For adults, ASPIRE milestones are a concise way to read programme progress without treating every figure as the same kind of measurement. The timeline begins with the September 2024 launch and the passage of the ASPIRE Bill in November 2024. Shortly after launch, savings accounts seeded with EC$1,000 each had been opened for 367 young participants, and by late November 2024, the programme had received over 1,700 applications.

The scale widened quickly. By December 2024, more than 3,000 young people had registered, a point highlighted by the Prime Minister as a strong national response. Public response was also described as strong because of large turnouts at ASPIRE Day sign-up events and thousands of accounts opened. By December 2025, 4,207 ASPIRE bank accounts had been opened for young beneficiaries across the Federation.

The 2025 milestones also show that ASPIRE was not only counting sign-ups. The May 2025 Financial Literacy Day and educator training in October 2025 are listed as key milestones, alongside the December 2025 account-opening figure. The programme continues to expand steadily, using outreach and social media to reach more families and enrol more eligible children.","In St. Kitts and Nevis, a young participant in the early ASPIRE group could have a savings account seeded with EC$1,000, as part of the first 367 young participants reported shortly after launch. Later families could compare that early number with the 4,207 ASPIRE bank accounts opened by December 2025.","[{""wrong"": ""ASPIRE had only a few hundred accounts by December 2025."", ""right"": ""The few hundred figure was an early milestone; by December 2025, 4,207 ASPIRE bank accounts had been opened.""}, {""wrong"": ""Applications, registrations, and opened accounts all mean the same thing."", ""right"": ""The source rows list them separately: over 1,700 applications by late November 2024, more than 3,000 registrations by December 2024, and 4,207 accounts opened by December 2025.""}, {""wrong"": ""ASPIRE’s milestones ended in 2024."", ""right"": ""Key milestones continued in 2025, including Financial Literacy Day, educator training, and 4,207 accounts opened by December 2025.""}]","{""seed_amount_xcd"": 1000, ""early_participants"": 367, ""applications_late_november_2024_more_than"": 1700, ""registrations_december_2024_more_than"": 3000, ""accounts_december_2025"": 4207}",
CON-0030,aspire_events,ASPIRE events and outreach,aspire_programme,9-12,adult,draft,ASP-193 ASP-314 ASP-315 ASP-318 ASP-329,ASPIRE Day | financial literacy events | school visits | community outreach | ASPIRE assemblies | sign-up events,timeline reveal_cards flow_diagram,12,,"ASPIRE events and outreach are public ways people can hear about ASPIRE. ASPIRE was announced at Warner Park during the Independence 41 National Youth Rally in September 2024. Warner Park also hosted a Nevis-focused sign-up drive. These events help people connect ASPIRE with real places and dates in St. Kitts and Nevis.

The first ASPIRE Day in St. Kitts took place on Friday November 29 2024 at Independence Square in Basseterre. ASPIRE Day in Nevis was celebrated on Friday December 06 2024. ASPIRE Financial Literacy Day 2025 was observed on Wednesday May 14 2025. ASPIRE social media channels also share registration support tutorial videos, financial lessons, event announcements, and participant success stories.","ASPIRE events and outreach are the public touchpoints where people can learn about ASPIRE, hear announcements, and find support. The programme was announced at Warner Park during the Independence 41 National Youth Rally in September 2024. Warner Park also hosted a Nevis-focused sign-up drive, so the same location is linked both to the announcement of ASPIRE and to a later sign-up activity focused on Nevis.

ASPIRE Day was marked on different dates in St. Kitts and Nevis. The first ASPIRE Day in St. Kitts took place on Friday November 29 2024 at Independence Square in Basseterre. ASPIRE Day in Nevis was celebrated on Friday December 06 2024. ASPIRE Financial Literacy Day 2025 was observed on Wednesday May 14 2025.

Outreach also happens through ASPIRE social media channels. These channels feature registration support tutorial videos, financial lessons, event announcements, and participant success stories. That means someone following ASPIRE online may see both practical registration support and learning content, as well as notices about events.","ASPIRE events and outreach are the programme’s public-facing ways of sharing information, marking key days, and supporting participation. The announcement of ASPIRE happened at Warner Park during the Independence 41 National Youth Rally in September 2024. Warner Park was also used for a Nevis-focused sign-up drive, which makes it an important location in the public rollout of ASPIRE.

Several ASPIRE dates help show the difference between major events. The first ASPIRE Day in St. Kitts took place on Friday November 29 2024 at Independence Square in Basseterre. ASPIRE Day in Nevis was celebrated on Friday December 06 2024. ASPIRE Financial Literacy Day 2025 was observed on Wednesday May 14 2025. When someone says “ASPIRE Day,” it is useful to ask which island or date they mean, because the St. Kitts and Nevis events were not on the same day.

The outreach is not only tied to physical events. ASPIRE social media channels feature registration support tutorial videos, financial lessons, event announcements, and participant success stories. For a student or young adult, these channels can be a place to look for notices about events and for learning material connected to ASPIRE.","ASPIRE events and outreach refer to the public activities and communication channels used to share ASPIRE information. ASPIRE was announced at Warner Park during the Independence 41 National Youth Rally in September 2024. Warner Park also hosted a Nevis-focused sign-up drive, so the location appears in both the launch story and later outreach connected to sign-up activity.

The dated events are useful reference points when explaining ASPIRE to a child, parent, or community group. The first ASPIRE Day in St. Kitts took place on Friday November 29 2024 at Independence Square in Basseterre. ASPIRE Day in Nevis was celebrated on Friday December 06 2024. ASPIRE Financial Literacy Day 2025 was observed on Wednesday May 14 2025. These dates separate the St. Kitts ASPIRE Day, the Nevis ASPIRE Day, and the later financial literacy observance.

ASPIRE’s online outreach adds another route for information. Its social media channels feature registration support tutorial videos, financial lessons, event announcements, and participant success stories. An adult helping a young person can use those categories to know what kind of ASPIRE material may appear online: help with registration, learning content, notices about events, and stories from participants.","Imagine a Basseterre student sets aside EC$10 for bus fare and a snow cone while going to Independence Square for the first ASPIRE Day in St. Kitts on Friday November 29 2024. Before going, the student checks ASPIRE social media for registration support tutorial videos and event announcements.","[{""wrong"": ""ASPIRE events happened only in St. Kitts."", ""right"": ""The first ASPIRE Day in St. Kitts was held in Basseterre, ASPIRE Day in Nevis was also celebrated, and Warner Park hosted a Nevis-focused sign-up drive.""}, {""wrong"": ""ASPIRE social media is only for event announcements."", ""right"": ""ASPIRE social media channels feature registration support tutorial videos, financial lessons, event announcements, and participant success stories.""}, {""wrong"": ""ASPIRE Day and ASPIRE Financial Literacy Day 2025 were the same event date."", ""right"": ""The first ASPIRE Day in St. Kitts was on Friday November 29 2024, ASPIRE Day in Nevis was on Friday December 06 2024, and ASPIRE Financial Literacy Day 2025 was on Wednesday May 14 2025.""}]","{""example_spending_xcd"": 10}",
CON-0031,aspire_training,ASPIRE educator and financial literacy training,aspire_programme,13-15,adult,draft,ASP-109 ASP-110 ASP-111 ASP-118 ASP-119 ASP-164 ASP-168 ASP-189 ASP-207 ASP-223 ASP-329,teacher training for ASPIRE | educator sessions | financial literacy symposium | training teachers about money | ASPIRE learning sessions,flow_diagram timeline reveal_cards,9,,,"ASPIRE financial education is not only a set of lessons for students. It also includes training for teachers. The Ministry of Education and the Eastern Caribbean Central Bank work together to develop and deliver the financial-literacy curriculum. The lessons are teacher-led, with training materials and hands-on activities that fit the age of the learners.

The ASPIRE Educator Training Sessions were launched on 7 October 2025. These sessions prepare teachers to teach financial literacy, with a focus on saving, budgeting and investing. ASPIRE events and training can also involve financial experts, teachers, business leaders and community advocates. The idea is that students learn practical money skills in class, supported by teachers who have been prepared to deliver the material.","ASPIRE educator training is the part of ASPIRE that prepares teachers to deliver financial literacy in classrooms. The Ministry of Education and the Eastern Caribbean Central Bank collaborate on the programme. Their work includes developing and delivering the financial-literacy curriculum, running educator training sessions, and supporting teacher-led classroom activities with training materials.

The ASPIRE Educator Training Sessions were launched on 7 October 2025. They focus on helping teachers teach saving, budgeting and investing. The classroom side is meant to be practical: teacher-led activities are supported by age-appropriate materials and hands-on, interactive learning experiences.

ASPIRE is also supported beyond a single classroom lesson. Financial experts, teachers, business leaders and community advocates can take part in events and educator training. ASPIRE social media channels also share bite-sized financial lessons, classroom materials, registration support tutorial videos, event announcements and participant success stories.","ASPIRE educator and financial literacy training is the teacher-preparation side of the ASPIRE programme. The Ministry of Education and the Eastern Caribbean Central Bank collaborate to design and deliver ASPIRE’s financial-literacy curriculum. That collaboration includes educator training sessions, teacher-led classroom activities, training materials and hands-on, interactive learning experiences.

The ASPIRE Educator Training Sessions were launched with the Eastern Caribbean Central Bank on 7 October 2025. Their purpose is to prepare teachers to deliver financial literacy, with attention to saving, budgeting and investing. The source material presents teachers as central to classroom delivery, rather than treating financial education as something delivered only by outside speakers.

The training also connects schools with wider support. Financial experts, teachers, business leaders and community advocates take part in ASPIRE events and educator training to deliver practical financial knowledge. ASPIRE social media channels add support through bite-sized financial lessons, classroom materials, registration support tutorial videos, event announcements and participant success stories.","In a teacher-led ASPIRE budgeting activity in St. Kitts and Nevis, a class might plan how to use EC$20 for a school week, setting aside EC$5 and leaving EC$15 for items such as bus fare or school supplies.","[{""wrong"": ""ASPIRE financial education is delivered only by outside financial experts."", ""right"": ""ASPIRE includes teacher-led classroom activities, with support from the Ministry of Education, the Eastern Caribbean Central Bank and other participants.""}, {""wrong"": ""Educator training is separate from the ASPIRE financial-literacy curriculum."", ""right"": ""The Eastern Caribbean Central Bank partners with the Ministry of Education to design and deliver the curriculum and to run educator training sessions.""}, {""wrong"": ""ASPIRE training is only about saving."", ""right"": ""The educator training focuses on saving, budgeting and investing.""}]","{""launch_day"": 7, ""launch_year"": 2025, ""class_budget_xcd"": 20, ""saved_xcd"": 5, ""available_xcd"": 15}",
CON-0032,aspire_communications,ASPIRE official updates and social media,aspire_programme,9-12,adult,draft,ASP-121 ASP-152 ASP-157 ASP-195 ASP-197 ASP-198 ASP-200 ASP-201 ASP-203 ASP-277 ASP-321 ASP-337,ASPIRE online updates | ASPIRE social media | where to find ASPIRE news | ASPIRE posts and videos | official ASPIRE information,reveal_cards timeline flow_diagram,12,,"ASPIRE shares official news and learning help online. You can follow @aspire.skn on Facebook, Instagram and TikTok, and you can also check aspire.gov.kn. These places are used for live updates about ASPIRE Day sign-up drives, community activations and school visits.

The posts are not only announcements. ASPIRE also shares short financial lessons, classroom materials, tutorial videos, step-by-step registration support, event highlights and success stories. If a family wants to know what is happening with ASPIRE, the official social media channels and website are the places named for updates.","ASPIRE uses official online channels to keep students, parents and teachers informed. The official handle is @aspire.skn on Facebook, Instagram and TikTok, and the programme also directs people to aspire.gov.kn. These channels are used for live updates about ASPIRE Day sign-up drives, community activations and school visits.

The purpose is wider than publicity. ASPIRE posts step-by-step registration support, tutorial videos, bite-sized financial lessons, classroom materials, event highlights, reels, participant success stories and milestones. The channels are part of a national public-engagement drive to raise awareness, encourage enrolment and share financial-literacy resources across the Federation.

Official ASPIRE updates also matter for programme progress. Updates on investment rollout and performance are to be communicated through aspire.gov.kn and ASPIRE media channels.","ASPIRE’s official communications are meant to give participants and families practical programme information through named channels. ASPIRE is present as @aspire.skn on Facebook, Instagram and TikTok, and information is also available through aspire.gov.kn. The official social media platforms were launched on December 11 2025.

For day-to-day updates, ASPIRE uses these channels for ASPIRE Day sign-up drives, community activations and school visits. The content can include step-by-step registration support, tutorial videos, bite-sized financial lessons, classroom materials, reels, event highlights, participant success stories and milestones. This makes the channels useful for both programme news and financial-literacy learning.

The ASPIRE Task Force leads outreach, communications and delivery, working with partners to enrol participants and run events. Officials have also committed to transparent and practical communications, including quarterly statements to participants and public information campaigns about the programme’s progress. Updates on investment rollout and performance are to be shared through aspire.gov.kn and ASPIRE media channels.","ASPIRE’s official communications are centred on the programme website and its named social media presence. Families, teachers and participants can follow @aspire.skn on Facebook, Instagram and TikTok, and can check aspire.gov.kn. The social media platforms were officially launched on December 11 2025.

The channels support outreach and learning. ASPIRE uses them for live updates on ASPIRE Day sign-up drives, community activations and school visits. It also posts step-by-step registration support, tutorial videos, bite-sized financial lessons, classroom materials, reels, event highlights, participant success stories and participant milestones. The public-engagement purpose is to raise awareness, encourage enrolment and share financial-literacy resources with parents, teachers and students across the Federation.

Programme communications are also part of ASPIRE’s transparency approach. The ASPIRE Task Force leads outreach, communications and delivery, working with partners to enrol participants and run events. Officials have committed to transparent and practical communications, with quarterly statements to participants and public information campaigns about programme progress. Official updates on investment rollout and performance are to be communicated through aspire.gov.kn and ASPIRE media channels.","After buying a snow cone for EC$5, a student in St. Kitts can use a phone to check @aspire.skn or aspire.gov.kn for ASPIRE Day sign-up drive updates before telling a parent what they saw.","[{""wrong"": ""ASPIRE information is only shared on the website."", ""right"": ""ASPIRE information is shared on aspire.gov.kn and through official ASPIRE media channels, including @aspire.skn on Facebook, Instagram and TikTok.""}, {""wrong"": ""ASPIRE social media is only for advertising events."", ""right"": ""ASPIRE posts event updates, registration support, tutorial videos, financial lessons, classroom materials, highlights and participant success stories.""}, {""wrong"": ""Participants will not get official online updates about investment rollout and performance."", ""right"": ""Official updates on investment rollout and performance are to be communicated through aspire.gov.kn and ASPIRE media channels.""}]","{""snow_cone_xcd"": 5}",
CON-0033,aspire_support_routes,Getting help with ASPIRE,aspire_programme,13-15,adult,draft,ASP-181 ASP-201 ASP-210 ASP-212 ASP-215,who to contact about ASPIRE | help signing up | registration problems | questions about my child’s account | talk to the ASPIRE team,flow_diagram reveal_cards sort_buckets,9,,,"If you need help with ASPIRE, you do not have to guess where to ask. The ASPIRE team can be reached by email at aspire@gov.kn. You can also phone +1 (869) 667-5566 or +1 (869) 762-1947 for additional questions or support.

ASPIRE also gives help in person. You may meet the team at ASPIRE Day events, school visits, and community activations. These are places where students and families can ask questions and get support directly.

For registration help, ASPIRE uses its social media to post step-by-step registration support and tutorial videos. It also shares bite-sized financial lessons, classroom materials, live event updates, and participant success stories. If you want to give feedback, you can use email, phone, or ASPIRE’s official social media channels.","When you are trying to use ASPIRE, the best support route depends on what you need. If you have an additional question or need support, you can contact the ASPIRE team directly by email at aspire@gov.kn. You can also call +1 (869) 667-5566 or +1 (869) 762-1947.

If your question is about registration, ASPIRE’s social media is useful because it posts step-by-step registration support and tutorial videos. The same channels also share bite-sized financial lessons, classroom materials, live event updates, and participant success stories, so they can help you keep up with what the programme is doing.

In-person help is also available. You can get support at ASPIRE Day events, school visits, and community activations. If you have feedback about the programme, you can share it with the ASPIRE team by email, by phone, or through ASPIRE’s official social media channels.","For questions about ASPIRE, families and participants have several official support routes. The ASPIRE team can be contacted by email at aspire@gov.kn. They can also be reached by phone at +1 (869) 667-5566 or +1 (869) 762-1947 for additional questions or support.

Registration help is also available through ASPIRE’s social media. The programme posts step-by-step registration support and tutorial videos, along with bite-sized financial lessons, classroom materials, live event updates, and participant success stories. These posts can help a parent, guardian, or student follow ASPIRE information outside an event or school visit.

For face-to-face assistance, in-person support is available at ASPIRE Day events, school visits, and community activations. Feedback can be shared with the ASPIRE team by email, by phone, or through ASPIRE’s official social media channels. A useful approach is to match the question to the route: social media for posted registration guidance and updates, phone or email for direct support, and events or visits for in-person help.","In St. Kitts and Nevis, if a student is saving EC$5 each week for school supplies but cannot follow an ASPIRE registration step, they can look for ASPIRE’s social media registration support or contact aspire@gov.kn, +1 (869) 667-5566, or +1 (869) 762-1947.","[{""wrong"": ""ASPIRE help is only available through social media."", ""right"": ""ASPIRE support is available by email, by phone, through official social media channels, and in person at ASPIRE Day events, school visits, and community activations.""}, {""wrong"": ""You must wait for an in-person event before asking a question."", ""right"": ""You can contact the ASPIRE team by email or phone for additional questions or support.""}, {""wrong"": ""Feedback about ASPIRE has no official route."", ""right"": ""Feedback can be shared by email, by phone, or through ASPIRE’s official social media channels.""}]","{""weekly_saving_xcd"": 5}",
CON-0034,aspire_benefits,Benefits of joining ASPIRE,aspire_programme,9-12,adult,draft,ASP-015 ASP-016 ASP-020 ASP-096 ASP-104 ASP-179 ASP-218 ASP-219 ASP-224 ASP-226 ASP-229,why join ASPIRE | how ASPIRE helps my child | good things about ASPIRE | building confidence with money | learning responsibility,growth_stack compare reveal_cards,12,,"ASPIRE helps an eligible child get a financial head start. When a child joins, ASPIRE gives a seeded savings account with EC$500, EC$500 in local company shares, and financial education. Together, that is a free EC$1,000 start at no cost to the family.

The savings can grow with interest, and the shares help the child own a small part of local companies. ASPIRE also teaches money skills, so young people can feel more confident about money choices as they grow. The aim is not only to give money, but to help children build savings, ownership, and smart money habits for life.","ASPIRE is meant to give eligible young people a fairer start with money. Participants receive a seeded savings account of EC$500, EC$500 invested in shares of local government-owned companies, and financial education. This matters because savings, shares, and money education have often been easier for privileged families to access.

Owning shares early can help a young person understand that they are not only a buyer in the economy, but also an owner. ASPIRE connects the child to local companies and to the national economy through a real ownership stake. The programme also aims to build financial confidence, so participants can grow their savings and make smarter money decisions throughout life.

ASPIRE is also linked to long-term wealth building. Its mix of seeded savings, investments that reinvest dividends, and financial education is designed to help young people accumulate wealth over the years and beyond the programme.","Joining ASPIRE gives an eligible young person more than a one-time benefit. The programme provides a seeded savings account of EC$500, EC$500 in shares of local government-owned companies, and financial education. That combination gives participants savings, ownership, and practical money skills, with a free EC$1,000 financial head start at no cost to the family.

One important benefit is access. ASPIRE is designed to level the financial playing field by giving every eligible child a bank account and company shares from an early age. These opportunities were traditionally more available to privileged families. By giving young people savings and shares, the programme opens a path to financial growth and stronger financial literacy.

ASPIRE also encourages an ownership mindset. A portion of each child’s contribution is invested in shares of local government-owned companies, giving participants a real stake in the national economy. Through savings that earn interest, investments that reinvest dividends, and financial education, ASPIRE supports long-term and generational wealth building.","ASPIRE’s main benefit is that it gives an eligible child a structured financial head start. A participant receives a EC$500 seeded savings account, a EC$500 investment in shares of local government-owned companies, and financial education. The programme describes this as a free EC$1,000 financial head start at no cost to the family.

The benefit is not only the starting amount. ASPIRE is designed to level the financial playing field by giving every eligible child access to a bank account and company shares from an early age. Those opportunities have traditionally been more available to privileged families. By combining savings, shares, and financial education, ASPIRE aims to build financial literacy, confidence, and the ability to make smart money decisions throughout life.

ASPIRE also supports a wider wealth-building purpose. The savings can earn interest, the investments can reinvest dividends, and the shares give young people an ownership stake in local government-owned companies and the national economy. Officials say the programme has already begun changing lives, with thousands of participants gaining financial skills, savings, and shares in local companies.","In St. Kitts and Nevis, an eligible child who joins ASPIRE receives EC$500 in seeded savings and EC$500 in local company shares. That makes a free EC$1,000 financial head start at no cost to the family.","[{""wrong"": ""ASPIRE is only about giving a child some savings."", ""right"": ""ASPIRE combines seeded savings, local company shares, and financial education.""}, {""wrong"": ""The shares are just a lesson or pretend ownership."", ""right"": ""ASPIRE gives participants a real ownership stake in local government-owned companies.""}, {""wrong"": ""ASPIRE only helps families that already have wealth."", ""right"": ""ASPIRE is designed to give every eligible child opportunities that were traditionally available mainly to privileged families.""}]","{""seeded_savings_xcd"": 500, ""local_company_shares_xcd"": 500, ""total_financial_head_start_xcd"": 1000}",
CON-0035,economic_empowerment,Economic empowerment through ASPIRE,aspire_programme,13-15,adult,draft,ASP-220 ASP-291,breaking poverty cycles | building long-term wealth | equal opportunity for children | helping families get ahead | money power for young people,flow_diagram sort_buckets reveal_cards,9,,,"ASPIRE supports economic empowerment by giving every eligible child linked supports: savings, investments, and financial education. The point is not simply to hold money somewhere. The programme also helps children learn about money and connects them to ownership in the national economy.

This matters because the source describes economic empowerment through ASPIRE as building human capital, encouraging ownership in the national economy, and strengthening economic inclusivity and resilience. Human capital is the knowledge and abilities people build, including money learning. Financial inclusion means eligible children are brought into the financial system instead of being left out.

Think of a student in St. Kitts and Nevis learning to plan EC$5 each week for 4 weeks toward EC$20 of school supplies. That small example is not the whole programme, but it shows the kind of money learning ASPIRE includes, alongside savings and investments for eligible children.","ASPIRE is a structure for economic empowerment because every eligible child receives savings, investments, and financial education. Together, these supports build human capital, encourage ownership in the national economy, and strengthen economic inclusivity and resilience. This means the programme is designed not just around an individual child's balance, but around participation in the wider economy.

The financial education part matters because empowerment is partly about understanding the tools a person is given. Savings and investments can introduce the idea that money can be owned, managed, and connected to future choices. The source does not say what returns, rules, or uses apply, so those details should not be assumed. The supported point is broader: ASPIRE combines assets with learning.

ASPIRE also sits inside national policy. It aligns with the Sustainable Island State Agenda, which promotes economic empowerment, financial inclusion, and human capital development. For a teen, ASPIRE can be understood as a child-focused way to link personal financial learning with national aims for wider inclusion and resilience.","For adults, ASPIRE's economic empowerment role is best understood as a combined asset-and-education approach for every eligible child. The programme gives savings, investments, and financial education. The stated purpose is to build human capital, encourage ownership in the national economy, and strengthen economic inclusivity and resilience.

That makes ASPIRE more than a simple savings arrangement. Its empowerment logic is that children are included through financial assets and money learning, while the country benefits from broader participation in the national economy. The source supports this broad connection; it does not give details about contribution amounts, investment performance, withdrawal rules, or eligible uses.

ASPIRE is also tied to national policy. It aligns with the Sustainable Island State Agenda, which promotes economic empowerment, financial inclusion, and human capital development. An adult discussing ASPIRE should therefore describe it carefully: it supports eligible children through savings, investments, and financial education, and it is linked to national goals for inclusion, human capital, and resilience.","An eligible teen in Nevis uses ASPIRE financial education to plan EC$5 each week for 4 weeks, making EC$20 toward school supplies. In the same programme, the teen is also connected to savings and investments.","[{""wrong"": ""ASPIRE is only about putting money aside."", ""right"": ""ASPIRE combines savings, investments, and financial education for every eligible child.""}, {""wrong"": ""ASPIRE is separate from the national economy."", ""right"": ""ASPIRE encourages ownership in the national economy and supports wider economic inclusivity and resilience.""}, {""wrong"": ""ASPIRE has no link to national policy."", ""right"": ""ASPIRE aligns with the Sustainable Island State Agenda, which promotes economic empowerment, financial inclusion, and human capital development.""}]","{""weekly_saving_xcd"": 5, ""weeks"": 4, ""total_xcd"": 20}",
CON-0036,national_development,ASPIRE and national development,aspire_programme,13-15,adult,draft,ASP-008 ASP-010 ASP-180 ASP-222 ASP-279 ASP-291 FIN-109,helping the country grow | future leaders | ASPIRE for the nation | long-term social impact | Caribbean model programme,flow_diagram reveal_cards compare,9,,,"ASPIRE is a youth financial programme in Saint Kitts and Nevis. It is described as unique to the country and the first initiative of its kind in the region. That makes it more than a personal money programme; it is also a sign of the government’s commitment to the nation’s youth.

ASPIRE connects to national development by preparing financially literate young people who save, invest and own. The source rows say this strengthens the economy and supports the country’s long-term development. ASPIRE also aligns with the Sustainable Island State Agenda, which prioritises human capital development and economic inclusivity for young people across the Federation.

A key national development idea is ownership. ASPIRE’s investment component supports economic democracy by distributing ownership of public assets among all children in Saint Kitts and Nevis. The Prime Minister has also encouraged the region to look to Saint Kitts and Nevis as a model of innovation because of ASPIRE.","ASPIRE links personal finance to national development. It is a first-of-its-kind youth financial programme in the region and is unique to Saint Kitts and Nevis. The programme is presented as a symbol of the government’s commitment to the nation’s youth, but its purpose also reaches into the country’s long-term development.

The national development link comes from what ASPIRE is meant to prepare young people to do: save, invest and own. The source rows say that financially literate youth who do those things strengthen the economy and support long-term development. ASPIRE also aligns with the Sustainable Island State Agenda by promoting economic empowerment, financial inclusion and human capital development.

The ownership part is especially important. The investment component is described as fostering economic democracy because it distributes ownership of public assets among all children in Saint Kitts and Nevis. In the wider national finance system, the Development Bank of Saint Kitts and Nevis also supports national development priorities as a government development finance institution, rather than a normal retail bank.","ASPIRE can be understood as both a youth financial programme and a national development tool. It is unique to Saint Kitts and Nevis and described as the first initiative of its kind in the region. The Prime Minister has encouraged the region to view Saint Kitts and Nevis as a model of innovation, citing ASPIRE as a first-of-its-kind youth financial programme.

Its policy fit is with the Sustainable Island State Agenda. The source rows connect ASPIRE with economic empowerment, financial inclusion, human capital development and economic inclusivity for young people across the Federation. In practical national development terms, ASPIRE aims to prepare financially literate youth who save, invest and own; this is described as strengthening the economy and supporting the country’s long-term development.

ASPIRE’s investment component adds another national development dimension: economic democracy. It does this by distributing ownership of public assets among all children in Saint Kitts and Nevis. This sits alongside other development finance work in the country, such as the Development Bank of Saint Kitts and Nevis, a government development finance institution that provides student loans, mortgages and financing for businesses and agriculture to support national development priorities.","In Saint Kitts and Nevis, a student who sets aside EC$5 each week for 4 weeks has EC$20 for school supplies. That small saving habit reflects the part of ASPIRE that prepares youth to save, while the programme’s wider design also connects saving, investing and ownership to national development.","[{""wrong"": ""ASPIRE is only about one young person’s money."", ""right"": ""ASPIRE is also linked to national development because financially literate youth who save, invest and own are described as strengthening the economy and supporting long-term development.""}, {""wrong"": ""ASPIRE is the same as any normal bank service."", ""right"": ""ASPIRE is described as a first-of-its-kind youth financial programme that is unique to Saint Kitts and Nevis.""}, {""wrong"": ""The investment component matters only for private gain."", ""right"": ""The source rows describe it as fostering economic democracy by distributing ownership of public assets among all children in Saint Kitts and Nevis.""}]","{""weekly_saving_xcd"": 5, ""weeks"": 4, ""total_xcd"": 20}",
CON-0037,aspire_objectives,ASPIRE objectives and pillars,aspire_programme,9-12,adult,draft,ASP-160 ASP-178 ASP-233,what ASPIRE is for | main goal of ASPIRE | core pillars of ASPIRE | why ASPIRE was created | problem ASPIRE solves,reveal_cards sort_buckets flow_diagram,12,,"ASPIRE is a government initiative in Saint Kitts and Nevis. Its main aim is to level the financial playing field for children. That means it is meant to help children have a fairer start with money learning, not only children who already get that help elsewhere.

ASPIRE is also about building money skills. It aims to foster financial literacy, instill positive saving habits, and encourage early investment practices. The government’s enrolment goal is for every eligible child in Saint Kitts and Nevis to participate, and it plans to keep expanding the programme’s reach.","ASPIRE’s objective combines fairness, learning, habits, and early practice. The fairness part is described as levelling the financial playing field for all children. In simple terms, the programme is meant to help children across Saint Kitts and Nevis have a more equal chance to build knowledge and habits connected to money.

The skills part includes financial literacy, positive saving habits, and early investment practices. These are connected ideas: financial literacy is about understanding money, saving habits are about regularly setting something aside when possible, and early investment practices introduce the idea that money choices can be planned for the future. The government’s enrolment goal is broad: every eligible child in Saint Kitts and Nevis should be able to participate, and the programme’s reach is planned to keep expanding.","ASPIRE’s stated purpose is not just participation in a programme; it is to level the financial playing field for all children in Saint Kitts and Nevis. That phrase matters because the objective is framed around fairness. The initiative is meant to give eligible children a chance to develop money-related knowledge and habits, rather than leaving those chances uneven.

The main objective includes financial literacy, positive saving habits, and early investment practices. Financial literacy points to understanding money choices. Positive saving habits point to repeated behaviour that supports future needs. Early investment practices point to being introduced to investment thinking before adulthood. The government’s enrolment goal matches that broad purpose: every eligible child in Saint Kitts and Nevis is intended to participate, and the government plans to keep expanding ASPIRE’s reach so that this can happen.","ASPIRE’s primary objective is to level the financial playing field for all children while building financial literacy, positive saving habits, and early investment practices. The objective is therefore both a fairness objective and a capability-building objective. It is not described only as a savings activity, and it is not described only as an education activity. The stated aim brings those elements together.

The participation goal is also broad. The government’s goal is for every eligible child in Saint Kitts and Nevis to participate, and it plans to keep expanding the programme’s reach. For adults explaining ASPIRE to young people, the safest summary is that ASPIRE exists to help eligible children across the Federation gain a fairer start with money knowledge, saving habits, and early investment practices. Details such as exact eligibility rules, amounts, returns, or withdrawal conditions are not part of the supplied objective rows.","If a Nevis student sets aside EC$5 each week for 4 weeks, they have EC$20 toward school supplies. That simple routine shows the kind of positive saving habit ASPIRE aims to encourage.","[{""wrong"": ""ASPIRE is only about saving money."", ""right"": ""ASPIRE’s stated objective also includes financial literacy and early investment practices.""}, {""wrong"": ""ASPIRE’s goal is to reach only a small group of eligible children."", ""right"": ""The government’s goal is for every eligible child in Saint Kitts and Nevis to participate.""}, {""wrong"": ""ASPIRE is only for children who already know a lot about money."", ""right"": ""Its stated objective is to level the financial playing field for all children.""}]","{""weekly_saving_xcd"": 5, ""weeks"": 4, ""total_xcd"": 20}",
CON-0038,aspire_legislation,ASPIRE law and launch,aspire_programme,13-15,adult,draft,ASP-006 ASP-007 ASP-148 ASP-155 ASP-158 ASP-232 ASP-234 ASP-236 ASP-282 ASP-285,ASPIRE Bill | law that started ASPIRE | when ASPIRE was passed | who launched ASPIRE | programme created by law,timeline flow_diagram reveal_cards,9,,,"ASPIRE was launched by the Government of Saint Kitts and Nevis. It was established in September 2024 and announced by Prime Minister Dr. Terrance Drew at the Independence 41 National Youth Rally on 13 September 2024. That announcement took place at Warner Park.

The law linked to the programme is the ASPIRE Bill, 2024. Prime Minister and Minister of Finance Dr. Terrance Drew moved the Bill, and the Ministry of Finance headed by him introduced the legislation in Parliament. The Bill was passed in the National Assembly on 28 November 2024.

The Bill matters because it gives ASPIRE its legal basis. It underpins the programme, establishes the ASPIRE Fund and the ASPIRE Council, and gives the programme its statutory footing.","ASPIRE has both a launch point and a legislative foundation. The programme was launched by the Government of Saint Kitts and Nevis and was established in September 2024. Prime Minister Dr. Terrance Drew announced it at the Independence 41 National Youth Rally on 13 September 2024, held at Warner Park.

Its legal foundation came through the ASPIRE Bill, 2024. The Bill was moved by Prime Minister and Minister of Finance Dr. Terrance Drew, and the Ministry of Finance headed by him introduced the legislation in Parliament. It was passed in the National Assembly during the sitting on 28 November 2024.

For a learner checking the history of the programme, these details separate the public announcement from the legal footing. The announcement explains when and where ASPIRE was first presented to the public. The ASPIRE Bill, 2024 explains the legal framework: it establishes the ASPIRE Fund and the ASPIRE Council and gives the programme its statutory footing.","The ASPIRE programme was launched by the Government of Saint Kitts and Nevis. It was established in September 2024 and announced by Prime Minister Dr. Terrance Drew at the Independence 41 National Youth Rally on 13 September 2024. The rally was held at Warner Park, so that event is the public announcement point for ASPIRE.

The legislative basis is the ASPIRE Bill, 2024. The Bill was moved by Prime Minister and Minister of Finance the Honourable Dr. Terrance Drew, and the Ministry of Finance headed by him introduced the legislation in Parliament. The Bill was passed in the National Assembly during the sitting on Thursday 28 November 2024.

The legal significance of the Bill is that it underpins ASPIRE. It officially established the programme after passage in Parliament, establishes the ASPIRE Fund and the ASPIRE Council, and gives the programme its statutory footing. In simple terms, the launch explains when ASPIRE was announced, while the Bill explains the legal framework that supports the programme.","A learner in St. Kitts and Nevis might set aside EC$5 each week for school supplies and have EC$20 after 4 weeks. If they then hear about the ASPIRE Bill, they can separate their own money plan from ASPIRE’s public history: ASPIRE was launched by the Government of Saint Kitts and Nevis and legally underpinned by the ASPIRE Bill, 2024.","[{""wrong"": ""ASPIRE has no law behind it."", ""right"": ""ASPIRE is underpinned by the ASPIRE Bill, 2024, which gives the programme its statutory footing.""}, {""wrong"": ""The ASPIRE announcement and the ASPIRE Bill passage happened at the same event."", ""right"": ""ASPIRE was announced at the Independence 41 National Youth Rally in September 2024, and the ASPIRE Bill was passed in the National Assembly on 28 November 2024.""}, {""wrong"": ""Only Parliament is linked to the start of ASPIRE."", ""right"": ""The programme was launched by the Government of Saint Kitts and Nevis, announced by Prime Minister Dr. Terrance Drew, and later given its legal basis through the ASPIRE Bill, 2024.""}]","{""weekly_saving_xcd"": 5, ""weeks"": 4, ""total_xcd"": 20}",
CON-0039,aspire_eligibility,ASPIRE eligibility,aspire_programme,9-12,adult,draft,ASP-014 ASP-163 ASP-225 ASP-244 ASP-245 ASP-247,who can join ASPIRE | age to enrol | too old for ASPIRE | citizens living abroad | children who qualify | can my child qualify | is ASPIRE only for poor families | children in Nevis eligible,sort_buckets reveal_cards flow_diagram,12,,"ASPIRE is for eligible child citizens of Saint Kitts and Nevis who are aged 5 to 18. Children in both St. Kitts and Nevis can be included. It is not only for families with low income, because family income or background does not decide the opportunity.

A child must be a citizen, or have citizenship by descent, to be targeted for enrolment. Each eligible child gets the same EC$1,000 contribution and access to financial education. The Ministry of Education also helps check eligibility for students in schools and for home-schooled students.","ASPIRE eligibility is based on being an eligible child citizen of Saint Kitts and Nevis aged 5 to 18. The programme covers children across both islands in the Federation, so children living in Nevis are included as well as children in St. Kitts.

ASPIRE is a universal national programme. That means it is open to all eligible children regardless of family background or income level. It is not restricted to low-income families, and every eligible child receives the same EC$1,000 contribution and access to financial education.

Citizenship matters. Enrolment is targeted at youth who hold citizenship, or citizenship by descent, of Saint Kitts and Nevis. The Ministry of Education works with ASPIRE on the financial-education curriculum in schools and helps verify eligibility for enrolled and home-schooled students.","For ASPIRE, the main eligibility idea is simple: it benefits eligible child citizens of Saint Kitts and Nevis aged 5 to 18. The programme applies across the Federation, so a child in Nevis is covered just as a child in St. Kitts is covered, as long as the child meets the eligibility rules.

ASPIRE is not a means-tested programme. It is a universal national programme open to all eligible children regardless of family background or income level. Every eligible child receives the same EC$1,000 contribution and access to financial education, so the opportunity is not larger or smaller because of a family’s socioeconomic background.

Citizenship is part of eligibility. Enrolment is specifically targeted at youth who hold citizenship, or citizenship by descent, of Saint Kitts and Nevis. The Ministry of Education collaborates on delivering ASPIRE’s financial-education curriculum in schools and helps verify eligibility for enrolled and home-schooled students.","ASPIRE eligibility focuses on children who are citizens of Saint Kitts and Nevis and are aged 5 to 18. The programme covers eligible children across both islands in the Federation, so children living in Nevis are eligible on the same basis as children living in St. Kitts.

The programme is universal, not restricted to low-income families. Family income or broader socioeconomic background does not exclude an otherwise eligible child. Every eligible child receives the same EC$1,000 contribution and access to financial education, giving participants an equal financial head start.

Citizenship is central to enrolment. ASPIRE is targeted at youth who hold citizenship, or citizenship by descent, of Saint Kitts and Nevis. The Ministry of Education collaborates on the financial-education curriculum in schools and helps verify eligibility for enrolled and home-schooled students, including home-schooled children who meet the eligibility criteria.","A 12-year-old child citizen living in Nevis can qualify for ASPIRE even if the family’s income is different from another family’s income. If eligible, the child receives the same EC$1,000 contribution and access to financial education as other eligible children.","[{""wrong"": ""ASPIRE is only for children from low-income families."", ""right"": ""ASPIRE is a universal national programme for all eligible children, regardless of family background or income level.""}, {""wrong"": ""Children in Nevis are not included."", ""right"": ""ASPIRE covers children across both islands in the Federation, St. Kitts and Nevis.""}, {""wrong"": ""Any child living in Saint Kitts and Nevis can enrol, even without citizenship."", ""right"": ""Enrolment is targeted at youth who hold citizenship, or citizenship by descent, of Saint Kitts and Nevis.""}]","{""minimum_age"": 5, ""example_age"": 12, ""maximum_age"": 18, ""aspire_contribution_xcd"": 1000, ""below_minimum_age"": 4, ""above_maximum_age"": 19}",
CON-0040,aspire_proof_documents,ASPIRE proof documents,aspire_programme,9-12,adult,draft,ASP-028 ASP-035 ASP-036 ASP-037 ASP-250,documents for ASPIRE | papers needed to sign up | proof of citizenship | birth certificate for ASPIRE | proof of address | what ID documents count,flow_diagram compare reveal_cards,12,,"For ASPIRE, applicants need proof that shows the child is a citizen of Saint Kitts and Nevis. A Saint Kitts and Nevis birth certificate is accepted for an eligible child born in the Federation. A citizenship by descent certificate is used when the child is a citizen by descent.

Citizens by descent are eligible for ASPIRE, just like children born in the Federation. Their proof is different because it is the citizenship by descent certificate. A passport is not the main citizenship proof named for ASPIRE. A valid St. Kitts and Nevis passport has been referenced as acceptable identification at sign-up events, so families should confirm accepted documents on aspire.gov.kn.","ASPIRE proof documents are the papers used to show that an applicant meets the citizenship proof requirement. The main citizenship proofs named are a Saint Kitts and Nevis birth certificate and a citizenship by descent certificate. If a child was born in the Federation, the Saint Kitts and Nevis birth certificate is accepted as evidence of citizenship.

A child who is a citizen by descent is also eligible for ASPIRE. That child should provide a citizenship by descent certificate as proof. A valid passport with a birthplace of Saint Kitts or Nevis qualifies for a child born in Saint Kitts and Nevis. A valid St. Kitts and Nevis passport has also been referenced as acceptable identification at sign-up events. Because the birth certificate or descent certificate is described as the primary evidence of citizenship, families should confirm accepted documents on aspire.gov.kn, especially when planning to rely on a passport.","For ASPIRE registration, the proof documents named in the source rows focus on citizenship. Applicants must supply accepted proof of citizenship. The listed documents are a Saint Kitts and Nevis birth certificate or a citizenship by descent certificate. For an eligible child born in the Federation, the Saint Kitts and Nevis birth certificate is accepted as evidence of citizenship.

Citizenship by descent is also covered. Citizens by descent are eligible for ASPIRE, and they should provide a citizenship by descent certificate as proof. This matters because a child may be a citizen even if the proof is not a local birth certificate.

Passports need careful handling. A valid passport with a birthplace of Saint Kitts or Nevis qualifies for a child born in Saint Kitts and Nevis. A valid St. Kitts and Nevis passport has also been referenced as acceptable identification at sign-up events. At the same time, the Saint Kitts and Nevis birth certificate or citizenship by descent certificate is described as the primary evidence of citizenship. Families should confirm accepted documents on aspire.gov.kn before attending a sign-up event.","The ASPIRE proof document requirement in these source rows is about proving citizenship. Applicants must supply accepted citizenship proof. The named documents are a Saint Kitts and Nevis birth certificate or a citizenship by descent certificate. For a child born in the Federation, the Saint Kitts and Nevis birth certificate is accepted as evidence of citizenship.

Children who are citizens by descent are eligible for ASPIRE. For those children, the citizenship by descent certificate should be provided as proof. This is separate from the case of a child born in Saint Kitts and Nevis, where the local birth certificate may serve as the proof.

Passport use has some nuance. A valid passport with a birthplace of Saint Kitts or Nevis qualifies for a child born in Saint Kitts and Nevis. A valid St. Kitts and Nevis passport has also been referenced as acceptable identification at sign-up events. However, the birth certificate or citizenship by descent certificate is described as the primary evidence of citizenship. If a family plans to use a passport, they should confirm the accepted documents on aspire.gov.kn.","In St. Kitts and Nevis, a parent may set aside EC$20 for the trip to an ASPIRE sign-up event and pack the child’s Saint Kitts and Nevis birth certificate as citizenship proof. If the child is a citizen by descent, the parent packs the citizenship by descent certificate instead and checks passport rules on aspire.gov.kn.","[{""wrong"": ""A citizen by descent cannot be eligible for ASPIRE."", ""right"": ""Citizens by descent are eligible, and they should provide a citizenship by descent certificate as proof.""}, {""wrong"": ""Any birth certificate is enough."", ""right"": ""The accepted birth certificate named is a Saint Kitts and Nevis birth certificate.""}, {""wrong"": ""A passport is always the main proof for ASPIRE citizenship."", ""right"": ""The primary citizenship evidence named is a Saint Kitts and Nevis birth certificate or a citizenship by descent certificate; passport use should be confirmed on aspire.gov.kn.""}]","{""trip_money_xcd"": 20}",
CON-0041,aspire_grant_allocation,ASPIRE grant allocation,aspire_programme,9-12,adult,draft,ASP-170 ASP-246 ASP-252 ASP-260 ASP-261 ASP-289 ASP-302,EC$1000 ASPIRE grant | how the ASPIRE money is split | EC$500 savings and EC$500 investment | government contribution | ASPIRE money in Eastern Caribbean dollars | tax on the ASPIRE grant,reveal_cards flow_diagram simulator,12,,"ASPIRE grant allocation means how the ASPIRE grant is provided for an eligible child. Each eligible child receives EC$1,000 from the Government of St. Kitts and Nevis. The money is in Eastern Caribbean Dollars, written as EC$.

Parents do not pay an upfront enrolment fee for the child to get the initial EC$1,000. If a household has more than one eligible child, each eligible child can be registered individually so each child can receive the grant. The ASPIRE Fund holds government allocations, manages investment assets, and helps disburse project benefits securely.","The ASPIRE grant allocation is the Government of St. Kitts and Nevis contribution made for each eligible child. The total contribution is EC$1,000, and all grant amounts are calculated and distributed in Eastern Caribbean Dollars. The initial EC$1,000 contribution and enrolment are fully funded by the Government, so parents do not pay an upfront fee to register an eligible child.

Allocation is per eligible child, not simply per household. If more than one child in a household is eligible, parents can register each eligible child individually so that every eligible child receives the EC$1,000 grant.

The ASPIRE Fund is the structure that holds government allocations, manages investment assets, and disburses project benefits securely. For tax, the initial grant is described as a fully funded endowment for the eligible child. St. Kitts and Nevis levies no personal income tax, and specific details should be confirmed with the programme.","The ASPIRE grant allocation is a government-funded contribution attached to each eligible child. Each eligible child receives EC$1,000 from the Government of St. Kitts and Nevis, and the grant amounts are calculated and distributed in Eastern Caribbean Dollars. The funding comes through the central government and the structures established by the ASPIRE Bill.

For registration costs, the source information is specific: enrolment and the initial EC$1,000 contribution are fully funded by the Government at no cost to parents. The allocation is also individual. Parents can register multiple eligible children in the same household, and each eligible child is to receive the EC$1,000 grant.

The ASPIRE Fund is important because it is the place where government allocations are held. It also manages investment assets and disburses project benefits securely. On tax, the initial government grant is described as a fully funded endowment for the eligible child. St. Kitts and Nevis levies no personal income tax, but any specific tax or programme detail should be confirmed with the ASPIRE programme.","The ASPIRE grant allocation is the Government of St. Kitts and Nevis contribution made for each eligible child. The total monetary grant is EC$1,000 per eligible child, and all allocations are calculated and distributed in Eastern Caribbean Dollars. The contribution is funded by the Government through the central government and the structures established by the ASPIRE Bill.

Parents do not pay an upfront enrolment fee for this initial contribution. The initial EC$1,000 grant and enrolment are fully funded by the Government at no cost to parents. Where a household has more than one eligible child, each eligible child can be registered individually, so the allocation is tied to eligibility of each child rather than limited to one grant per household.

The ASPIRE Fund holds government allocations, manages investment assets, and disburses project benefits securely. For tax treatment, the initial government grant is described as a fully funded endowment provided to the eligible child. St. Kitts and Nevis levies no personal income tax, and any specific details should be confirmed with the programme.","In Basseterre, if a parent registers 2 eligible children individually, each child’s ASPIRE grant is EC$1,000, so the household example involves EC$2,000 in total government contributions. The enrolment and initial contribution are at no cost to the parent.","[{""wrong"": ""Parents must pay an upfront fee before an eligible child can receive the initial ASPIRE grant."", ""right"": ""Enrolment and the initial EC$1,000 contribution are fully funded by the Government of St. Kitts and Nevis at no cost to parents.""}, {""wrong"": ""The ASPIRE grant is stated in another country’s currency."", ""right"": ""All ASPIRE grant amounts are calculated and distributed in Eastern Caribbean Dollars, written as EC$.""}, {""wrong"": ""Only one child in a household can receive the ASPIRE grant."", ""right"": ""Parents can register each eligible child individually so every eligible child receives the EC$1,000 grant.""}]","{""grant_per_child_xcd"": 1000, ""children_in_example"": 2, ""example_total_grants_xcd"": 2000}",
CON-0042,saving_interest_growth,Saving interest growth,saving,9-12,adult,needs_review,FIN-329,money earning interest | savings growing over time | interest on savings | bank money getting bigger | earning a little extra in the account | money growing by itself,growth_stack compare simulator,12,,"A savings account can make your money grow by earning interest. Interest is money added to what you put in. The money you put in is called the principal. When interest is added to the principal, the balance gets bigger.

Fees do not help your savings grow. A fee is a charge taken from you, not money paid to you. If you put in EC$20 and EC$2 interest is added, the balance becomes EC$22. The growth came from interest, not from a fee.",,,,"In St. Kitts and Nevis, you might put EC$20 for school supplies into a savings account. If EC$2 interest is added, the balance becomes EC$22.","[{""wrong"": ""A savings account grows by earning fees."", ""right"": ""A savings account grows by earning interest; fees are charges taken from you.""}, {""wrong"": ""Interest and fees both mean extra money paid to you."", ""right"": ""Interest is added to the principal, while fees are taken from you.""}, {""wrong"": ""The principal is the extra money earned."", ""right"": ""The principal is the money you deposited; interest is the extra amount added.""}]","{""small_deposit_xcd"": 20, ""small_interest_xcd"": 2, ""small_balance_xcd"": 22, ""large_deposit_xcd"": 50, ""large_interest_or_fee_xcd"": 5, ""large_balance_with_interest_xcd"": 55}","only 1 source row(s); PROGRAMME in 13-15: claims about the programme (['deposit', 'deposited']) with no ASP- source row; PROGRAMME in 16-18: claims about the programme (['deposited']) with no ASP- source row; PROGRAMME in adult: claims about the programme (['deposit', 'deposited']) with no ASP- source row"
CON-0043,aspire_share_investments,ASPIRE share investments,aspire_programme,9-12,adult,draft,ASP-094 ASP-101 ASP-162 ASP-166 ASP-272 ASP-273 FIN-214,ASPIRE investment shares | EC$500 investment part | shares in public entities | who manages the shares | investment updates | can children choose stocks,flow_diagram reveal_cards compare,12,,"ASPIRE includes an EC$500 investment part. That money buys real shares in local government-owned companies and public enterprises. A share means you have a small piece of ownership, so you are more than only a saver in the programme.

The shares are locked until you complete ASPIRE. You cannot take them out early for bus fare, school supplies, or a snow cone. The point is to let young people start learning what ownership in local companies means and how it connects them to the national economy.","ASPIRE’s EC$500 investment component is used to buy real shares in local government-owned entities and public enterprises. These shares give each participant genuine ownership, not just a promise on paper. Being a shareholder means the participant has a stake in parts of the national economy.

The shares are locked until the participant completes the ASPIRE Programme, so they cannot be withdrawn early to buy school supplies, a bicycle, or a Carnival costume. The lock-in is part of the long-term design of the programme.

ASPIRE uses this share component to introduce young people to equity ownership, dividend building, and long-term asset accumulation. If the local companies grow and pay dividends, the participant can benefit as an owner. The National Bank and The Cable are examples of government-owned entities connected to ASPIRE’s investment structure.","The ASPIRE share investment is the EC$500 part of the grant that is used to purchase shares in local government-owned entities and public enterprises. It is meant to make the participant a real shareholder, with genuine ownership and a stake in the national economy. This is different from only saving money, because shares represent ownership in companies.

The shares are locked in and cannot be withdrawn until the participant completes the ASPIRE Programme. That means the investment portion is not available for short-term spending, even for useful items such as bus fare, school supplies, or a bicycle. Its role is to introduce long-term asset accumulation from an early age.

The source rows name the St. Kitts-Nevis-Anguilla National Bank and St. Kitts-Nevis Cable Communications Ltd, known as The Cable, as government-owned entities connected to ASPIRE. The National Bank holds participants’ seeded savings accounts and is also one of the entities in which participants hold shares. The Cable’s shares are part of ASPIRE’s investments, and The Cable has also partnered to help with enrolment efforts. If companies grow and pay dividends, shareholders can benefit.","ASPIRE’s share investment component uses EC$500 to purchase real shares for the participant in local government-owned entities and public enterprises. The participant is therefore not only a saver in the programme; they are also a shareholder. The stated purpose is to introduce youth to equity ownership, dividend building, and long-term asset accumulation from an early age.

These shares are locked in and cannot be withdrawn until the participant completes the ASPIRE Programme. The investment component is therefore separate from ordinary short-term spending needs. It is designed as an ownership stake rather than money that can be taken out for items such as school supplies, a Carnival costume, or bus fare.

The source rows identify two named entities connected to this structure. The St. Kitts-Nevis-Anguilla National Bank holds participants’ seeded savings accounts and is also one of the local government-owned entities in which participants hold shares. St. Kitts-Nevis Cable Communications Ltd, The Cable, is a government-owned entity whose shares are part of ASPIRE’s investments, and it has partnered to help with enrolment efforts. If the companies grow and pay dividends, the participant benefits as a shareholder.","An ASPIRE participant in Basseterre has an EC$500 investment component that buys real shares in local government-owned entities and public enterprises. Those shares are locked until the participant completes ASPIRE, so they cannot be withdrawn early for school supplies or bus fare.","[{""wrong"": ""ASPIRE only gives participants savings; there are no real shares."", ""right"": ""ASPIRE participants hold real shares, giving them genuine ownership and a stake in the national economy.""}, {""wrong"": ""The ASPIRE shares can be withdrawn whenever the participant wants cash."", ""right"": ""The investment shares are locked in and cannot be withdrawn until the participant completes the ASPIRE Programme.""}, {""wrong"": ""The EC$500 investment part means the participant can choose any stock."", ""right"": ""The source rows say the funds are invested in shares of local government-owned entities and public enterprises; they do not say that participants choose individual stocks.""}]","{""investment_component_xcd"": 500}",
CON-0044,stock_ownership,Stock ownership,investing,13-15,adult,draft,FIN-194 FIN-195 FIN-219,owning a piece of a company | having shares | a stake in a business | share ownership benefits | public entity shares | investing for the future,proportion reveal_cards growth_stack,9,,,"Stock ownership means owning shares. A share is a small piece of ownership in a company. If you own shares, you own a slice of that business, not the whole business. That slice also gives you a claim on part of the company’s profits.

A simple picture is a bakery cut into 1,000 equal slices. If you buy one slice, you own one thousandth of the bakery. In St. Kitts and Nevis, you can imagine the company as a shop you can walk past, not just a name on paper. If that business does well and becomes worth more, your slice is worth more too. You may also get a share of the profits.","Stock ownership is share ownership: when you own a share, you own a small piece of a company. That makes the company more than a name or a price. It is a real business, like a shop in St. Kitts and Nevis that you can picture and understand.

The size of your ownership depends on the slice you own. If a bakery were cut into 1,000 equal slices and you bought one slice, you would own one thousandth of that bakery. In the same way, a share represents a slice of a company. If you bought one share for EC$30 in a business divided like that bakery, your share would be a small ownership stake, not ownership of the whole company.

Owning shares also connects you to what happens in the business. If the company does well and becomes worth more, your slice is worth more too. You may also receive a share of the company’s profits.","Stock ownership means owning shares in a company. A share is a small piece of ownership: it gives the holder a slice of the business and a claim on part of its profits. The useful starting point is ownership, not a line on a screen. A share connects money to a real company, such as a shop in St. Kitts and Nevis that people can recognise as a business.

The bakery example shows the idea clearly. Imagine a bakery cut into 1,000 equal slices. If you buy one slice, you own one thousandth of the bakery. You do not own the whole bakery, but you do own a defined slice of it. If a similar business share cost EC$30, the EC$30 would be buying that small ownership slice.

The benefit of that ownership depends on the business doing well. If the company does well and becomes worth more, the slice you own is worth more too. You may also receive a share of the profits because shares give a claim on part of those profits.","A learner in St. Kitts and Nevis buys one share of a local shop for EC$30. If the shop is treated like 1,000 equal slices, that one share is one thousandth of the business and may receive a share of the profits.","[{""wrong"": ""A share is only a piece of paper or a number."", ""right"": ""A share is a small piece of ownership in a real company.""}, {""wrong"": ""Owning one share means owning the whole company."", ""right"": ""Owning one share means owning one slice, such as one thousandth when a business is divided into 1,000 equal slices.""}, {""wrong"": ""Share owners are promised profit money every time."", ""right"": ""A share gives a claim on part of the company’s profits, and the owner may receive a share of those profits.""}]","{""share_price_xcd"": 30, ""total_slices"": 1000, ""shares_bought"": 1}",
CON-0045,aspire_governance_protection,ASPIRE governance and protection,aspire_programme,13-15,adult,draft,ASP-286 ASP-289 ASP-290,ASPIRE law | ASPIRE Council | who protects the funds | equal funding for children | government oversight | ASPIRE Fund rules,flow_diagram reveal_cards sort_buckets,9,,,"ASPIRE governance means the rules and oversight that guide how the programme’s money and benefits are handled. The ASPIRE Fund is the place in the programme that holds government allocations, manages investment assets, and disburses project benefits securely. That means the Fund is not just about receiving money; it also has a role in managing assets and releasing benefits in a secure way.

The ASPIRE Council has a different role. It oversees fund governance, asset management, educational integration, and programme evaluation. In simple terms, the Council helps watch how the Fund is governed, how assets are managed, how the programme connects with education, and how the programme is evaluated.

Government oversight protects children’s ASPIRE funds through strict legislative safeguards, statutory reporting, and Council oversight. These protections are meant to prevent unauthorized access or the misapplication of assets.","ASPIRE governance is about who is responsible for watching over the programme’s funds, assets, education links, and evaluation. The ASPIRE Council is the oversight body named for fund governance, asset management, educational integration, and programme evaluation. Its role is broader than simply checking money; it also connects the financial side of ASPIRE with education and programme review.

The ASPIRE Fund has its own purpose. It holds government allocations, manages investment assets, and disburses project benefits securely. This separates the idea of the Fund from the idea of the Council: the Fund is where allocations and assets are held and managed, while the Council oversees governance and other programme functions.

Protection comes through government oversight. Strict legislative safeguards, statutory reporting, and Council oversight work together to prevent unauthorized access or misapplication of assets. So, when learners hear “ASPIRE Fund rules,” the key idea is that children’s ASPIRE funds are not supposed to be handled informally. They are protected through law-based safeguards, required reporting, and oversight by the Council.","ASPIRE governance and protection describe the public controls around the programme’s funds and benefits. The ASPIRE Fund exists to hold government allocations, manage investment assets, and disburse project benefits securely. Those functions make the Fund central to how resources are received, managed, and released within the programme.

The ASPIRE Council provides oversight. Its role covers fund governance, asset management, educational integration, and programme evaluation. This means the Council is not described only as a financial monitor. It also has a role in how ASPIRE connects to education and how the programme is evaluated.

The protection framework is based on government oversight. Strict legislative safeguards, statutory reporting, and Council oversight are identified as the mechanisms that protect children’s ASPIRE funds. Their purpose is to prevent unauthorized access or misapplication of assets. For adults explaining ASPIRE to a young person, the safest wording is that the programme’s funds are protected through legal safeguards, required reporting, and Council oversight, while the Fund handles allocations, investment assets, and secure disbursement of project benefits.","Imagine EC$50 is being discussed in St. Kitts and Nevis as money set aside before buying school supplies. For ASPIRE, the key protection idea is that government allocations and investment assets are held and managed through the Fund, while safeguards, statutory reporting, and Council oversight help prevent unauthorized use.","[{""wrong"": ""The ASPIRE Council and the ASPIRE Fund are the same thing."", ""right"": ""The Fund holds government allocations, manages investment assets, and securely disburses project benefits; the Council oversees governance, asset management, educational integration, and programme evaluation.""}, {""wrong"": ""Protection means only keeping money in one place."", ""right"": ""Protection is described as strict legislative safeguards, statutory reporting, and Council oversight to prevent unauthorized access or misapplication of assets.""}, {""wrong"": ""The source rules prove that every child receives the same amount."", ""right"": ""The source rows describe government allocations, secure disbursement of project benefits, and oversight protections; they do not state an equal-amount rule.""}]","{""local_example_amount_xcd"": 50}",
CON-0046,financial_literacy_education,Financial literacy education,aspire_programme,9-12,adult,draft,ASP-311 ASP-319 ASP-323 FIN-029 FIN-313 FIN-327,money lessons in school | ASPIRE financial education | learning saving and budgeting | teachers teaching money skills | parent money resources | avoiding money mistakes,sort_buckets reveal_cards flow_diagram,12,,"Financial literacy means knowing how money works and using that knowledge to make good decisions about earning, spending, saving, borrowing, and investing. It is a skill, so anyone can learn it. In ASPIRE, the early money words matter: money, interest, invest, and save. You earn money, save part of it, and interest makes it grow. Investing grows it further in later lessons.

ASPIRE financial literacy education is not only reading notes. During Financial Literacy Day 2025, schools held special morning assemblies from 8:30 to 9:30 AM with financial expert presentations and interactive sessions. Financial experts, business leaders, experienced educators, and community advocates can also lead presentations and workshops. The learning can continue in homes, communities, businesses, and national media.","Financial literacy education teaches how money works and how to use that knowledge when making decisions about earning, spending, saving, borrowing, and investing. It is not a talent that only some people have. It is a skill, which means anyone can learn it and improve through practice.

In ASPIRE, the words money, interest, invest, and save are treated as the backbone of the programme. The order matters: you earn money, save part of it, interest makes it grow, and investing grows it further. Later lessons build on those ideas, so learners can connect simple money words to bigger choices.

ASPIRE also uses activities, not only explanations. During Financial Literacy Day 2025, schools held morning assemblies with expert presentations and interactive sessions. Guest presentations and workshops may be led by financial experts, business leaders, experienced educators, and community advocates. The ASPIRE True or False quiz covers saving, budgeting, risk, credit, inflation, and investing, and each answer explains the idea behind it.","Financial literacy is knowing how money works and being able to use that knowledge to make good decisions about earning, spending, saving, borrowing, and investing. Financial literacy education is the teaching and practice that helps people build that skill. Because it is a skill, it can be learned; it is not limited to people who already feel confident with money.

ASPIRE builds the programme around four core words: money, interest, invest, and save. These are not separate topics to memorise and forget. The programme connects them: you earn money, save part of it, interest makes it grow, and investing grows it further. Later lessons build from those ideas into topics such as budgeting, risk, credit, inflation, and investing.

The education also uses different settings and voices. During Financial Literacy Day 2025, schools held special morning assemblies from 8:30 to 9:30 AM with financial expert presentations and interactive sessions. Financial experts, business leaders, experienced educators, and community advocates can conduct presentations and workshops. ASPIRE also extends financial conversations beyond classrooms into homes, communities, businesses, and national media.","Financial literacy education is organised learning about how money works and how to use that knowledge in real decisions about earning, spending, saving, borrowing, and investing. Financial literacy itself is a skill, so the starting point is not whether someone already knows everything about money. The point is that the skill can be learned and strengthened.

In ASPIRE, the foundation is built around money, interest, invest, and save. Those words are described as the backbone of the programme. The programme connects them in a simple sequence: a person earns money, saves part of it, interest makes it grow, and investing grows it further. Later lessons build on those ideas and include saving, budgeting, risk, credit, inflation, and investing.

The education is not limited to a classroom lesson. During Financial Literacy Day 2025, schools used morning assemblies with expert presentations and interactive sessions. Presentations and workshops may be delivered by financial experts, business leaders, experienced educators, and community advocates. ASPIRE also reaches the wider public by extending financial conversations into homes, communities, businesses, and national media channels.","A learner in St. Kitts and Nevis receives EC$20, spends EC$15 on a patty and bus fare, and saves EC$5 toward school supplies. A financial literacy lesson can name the choices being practised: earning or receiving money, spending some, and saving part.","[{""wrong"": ""Financial literacy is only for people who are already good with money."", ""right"": ""Financial literacy is a skill, which means anyone can learn it.""}, {""wrong"": ""ASPIRE money learning only happens inside classrooms."", ""right"": ""ASPIRE extends financial conversations beyond classrooms into homes, communities, businesses, and national media.""}, {""wrong"": ""A True or False quiz only tells players whether they are right or wrong."", ""right"": ""The ASPIRE True or False quiz gives an explanation with each answer so learners can understand the concept.""}]","{""received_xcd"": 20, ""spent_xcd"": 15, ""saved_xcd"": 5}",
CON-0047,youth_entrepreneurship,Youth entrepreneurship,earning,9-12,adult,draft,ASP-313 FIN-266 FIN-267 FIN-274,young people starting businesses | kids with business ideas | making money from an idea | student entrepreneurship | being your own boss | small business skills,flow_diagram simulator sort_buckets,12,,"An entrepreneur is someone who notices a problem people will pay to solve, then builds something to solve it. It does not have to begin with a huge idea. It can begin with an unmet need that people have learned to live with.

To find an idea, look for friction. Notice what people complain about, wait too long for, or pay too much for. A snow cone line, school supplies that run out, or a bicycle repair problem could show a need.

A young business can start small without a loan. You can use savings, take pre-orders, borrow or share equipment, and put early profits back into the business. Four EC$5 pre-orders give EC$20 to help with a first batch.","Youth entrepreneurship means using business skills to earn by solving a real problem. An entrepreneur is not just someone with a big idea. An entrepreneur spots a problem people will pay to solve and builds something to solve it.

A practical way to find an idea is to look for friction. Listen for complaints, long waits, or things people feel cost too much. If students often wait too long for a patty or a snow cone, the wait itself may point to an unmet need.

A small business does not have to start with a loan. It can start small enough for savings to cover, use pre-orders so customers help fund the first batch, borrow or share equipment instead of buying, and put early profits back into the business. Four EC$5 pre-orders make EC$20 before the first batch is made.","Youth entrepreneurship is about earning by noticing an unmet need and acting on it. An entrepreneur spots a problem people will pay to solve, then builds something that solves it. The starting point is not necessarily a big idea; it is often a small irritation that people have learned to accept.

The search for ideas can be practical. Look for friction in everyday life: complaints, long waits, or things people think cost too much. A student might notice that classmates wait too long for a snow cone, or that people need a shared tool for bicycle repairs. Those observations can become business ideas if people are willing to pay for the solution.

A no-loan start keeps the first step small. Savings can cover a small start, pre-orders can let customers fund the first batch, equipment can be borrowed or shared, and early profits can be reinvested instead of taken out. Four EC$5 pre-orders create EC$20 that can help begin a first batch. ASPIRE promotes youth entrepreneurship by building business literacy, seed funds awareness, and practical investment exposure early in life.","Youth entrepreneurship is the practice of helping young people turn observed problems into small earning activity. An entrepreneur is someone who spots a problem people will pay to solve and builds something to solve it. The emphasis is not on inventing a grand idea; it is on noticing an unmet need and doing something practical about it.

A useful teaching route is to begin with friction. Ask learners to identify what people around them complain about, wait too long for, or pay too much for. In St. Kitts and Nevis examples, the friction might be a long wait for a snow cone, a need for shared bicycle equipment, or difficulty getting school supplies at the right moment.

Funding can also be taught in a small, concrete way without moving straight to loans. A youth business can start small enough for savings, take pre-orders so customers help fund the first batch, borrow or share equipment rather than buy it, and reinvest early profits. Four EC$5 pre-orders create EC$20 before production begins. ASPIRE supports youth entrepreneurship through foundational business literacy, seed funds awareness, and practical investment exposure early in life.",A student in St. Kitts and Nevis hears that classmates wait too long for snow cones and takes four EC$5 pre-orders. The pre-orders bring in EC$20 to help make the first batch.,"[{""wrong"": ""Youth entrepreneurship must start with a big, brand-new idea."", ""right"": ""It can start by noticing an unmet need or irritation people already have.""}, {""wrong"": ""A young person must take a loan to start a small business."", ""right"": ""A small start can use savings, pre-orders, shared equipment, and reinvested early profits.""}, {""wrong"": ""The first profits should always be taken out right away."", ""right"": ""Early profits can be put back into the business.""}]","{""pre_orders"": 4, ""price_per_pre_order_xcd"": 5, ""pre_order_total_xcd"": 20}",
CON-0048,aspire_community_events,ASPIRE community events,aspire_programme,9-12,adult,draft,ASP-052 ASP-053 ASP-168 ASP-169 ASP-184 ASP-185 ASP-186 ASP-187 ASP-192 ASP-193 ASP-194 ASP-196 ASP-216 ASP-316 ASP-322,ASPIRE Day | Financial Literacy Day | money activities at school | ASPIRE public events | community money learning | financial literacy celebrations,timeline flow_diagram reveal_cards,12,,"ASPIRE community events are times when people can learn about ASPIRE in person. The ASPIRE team visits schools across St. Kitts and Nevis during the school year. School presentations and sign-up drives are part of the programme’s outreach.

ASPIRE Day events, school visits, and community activations offer in-person sign-up support. At ASPIRE Day, officials help parents and guardians register children. They also share programme information and answer community questions.

ASPIRE Financial Literacy Day happens in schools. It includes assemblies and presentations by financial experts. The 2025 theme was Level Up Your Financial Future.","ASPIRE community events are public and school-based ways for families and students to meet the programme in person. The outreach includes ASPIRE Day events, school presentations, community activations, public information campaigns, pop-up registration booths, and financial literacy workshops. These activities raise awareness and support enrolment.

ASPIRE Day is a sign-up and information drive. Officials help parents and guardians register children, provide programme information, and answer community questions. The first ASPIRE Day in St. Kitts was held at Independence Square on 29 November 2024, and an ASPIRE Day was also held in Nevis with officials helping parents register children.

ASPIRE Financial Literacy Day is a national observance in schools. It features assemblies and presentations by financial experts. Financial experts, teachers, business leaders, and community advocates also take part in ASPIRE events and educator training to deliver practical financial knowledge.","ASPIRE community events are part of the programme’s outreach system. They are used to raise awareness, support enrolment, and provide direct information to families and students. The formats include school visits, school presentations, ASPIRE Day events, community activations, pop-up registration booths, financial literacy workshops, and public information campaigns.

ASPIRE Day focuses on sign-up support and programme information. At the Independence Square ASPIRE Day in St. Kitts on 29 November 2024, officials provided programme information, answered community questions, and helped parents register children on the spot. Nevis also had an ASPIRE Day, and Warner Park hosted a Nevis-focused sign-up drive. ASPIRE was also announced at Warner Park during the Independence 41 National Youth Rally in September 2024.

ASPIRE Financial Literacy Day is different from a sign-up drive. It is a national observance in schools, with morning assemblies held roughly between 8:30 and 9:30 a.m. These assemblies include presentations from financial experts and community leaders. The 2025 edition was held on 14 May 2025 under the theme Level Up Your Financial Future.","ASPIRE community events give parents, guardians, students, and community members a way to connect with the programme in person. The ASPIRE team visits schools across St. Kitts and Nevis during the school year, and school presentations and sign-up drives are part of the outreach. ASPIRE Day events, school visits, and community activations offer in-person sign-up support.

ASPIRE Day is a sign-up and information drive where officials help parents and guardians register children. At the first ASPIRE Day in St. Kitts, held at Independence Square on 29 November 2024, officials provided programme information, answered community questions, and helped parents register children on the spot. Nevis also held an ASPIRE Day with officials available to help parents register children.

The programme also uses wider education and awareness activities. ASPIRE Financial Literacy Day is a national observance in schools featuring assemblies and presentations by financial experts. Financial experts, teachers, business leaders, community advocates, and other partners take part in ASPIRE events, educator training, outreach events, school visits, and public information campaigns. Event dates and locations are shared through ASPIRE social media.","A parent in Basseterre budgets EC$5 for bus fare to Independence Square and attends an ASPIRE Day sign-up drive, where officials answer questions and help register children on the spot.","[{""wrong"": ""ASPIRE support is only available through a child’s school."", ""right"": ""School visits are one route, but ASPIRE Day events and community activations also offer in-person sign-up support.""}, {""wrong"": ""ASPIRE events happen only in St. Kitts."", ""right"": ""ASPIRE Day was held in St. Kitts, and an ASPIRE Day was also held in Nevis.""}, {""wrong"": ""ASPIRE Financial Literacy Day is just a registration booth."", ""right"": ""ASPIRE Financial Literacy Day is a national school observance with assemblies and presentations by financial experts.""}]","{""local_bus_fare_budget_xcd"": 5}",
CON-0049,aspire_official_channels,ASPIRE official information channels,aspire_programme,9-12,adult,draft,ASP-202 ASP-204 ASP-205 ASP-211,ASPIRE contact information | where to ask ASPIRE questions | official ASPIRE updates | ASPIRE social media | ASPIRE enrolment videos | ASPIRE classroom materials,reveal_cards sort_buckets flow_diagram,12,,"ASPIRE has official places where you can look for information. The main website is aspire.gov.kn. On that website, you can find official information, FAQs, and registration.

You can also follow ASPIRE on Facebook, Instagram, and TikTok. These channels share the latest updates, tutorials, and event information. ASPIRE is on TikTok, where it shares short videos and financial-literacy content. If you see ASPIRE news somewhere else, compare it with aspire.gov.kn or the official social media channels.","ASPIRE uses official information channels so learners and families know where to check programme information. The ASPIRE website is aspire.gov.kn. It is the place named for official information, FAQs, and registration.

ASPIRE also uses social media. The official channels named are Facebook, Instagram, and TikTok. These channels are used for the latest updates, tutorials, and event information. TikTok is included and carries short videos and financial-literacy content.

For schoolwork, enrolment questions, or checking whether an update is real, start with aspire.gov.kn and the official ASPIRE social media channels. ASPIRE’s official Facebook presence is part of its social media channels launched in December 2025.","ASPIRE’s official information channels are the places named for programme updates and registration information. The main website is aspire.gov.kn. It carries official information, FAQs, and registration, so it is the best starting point when you need to check programme details.

ASPIRE also shares updates through Facebook, Instagram, and TikTok. These channels are used for the latest updates, tutorials, and event information. TikTok is one of the official channels and shares short videos and financial-literacy content. ASPIRE also has an official Facebook presence as part of its social media channels launched in December 2025.

When you are preparing for enrolment, checking event details, or looking for classroom material, use the website and the named social media channels together. The website is named for official information, FAQs, and registration, while the social media channels are named for updates, tutorials, event information, short videos, and financial-literacy content.","ASPIRE’s official information channels are the ASPIRE website and the named ASPIRE social media channels. The website is aspire.gov.kn. It is the source named for official information, FAQs, and registration, so it should be the first place to check when a learner, parent, teacher, or community member needs programme details.

For ongoing updates, ASPIRE also uses Facebook, Instagram, and TikTok. These channels share the latest updates, tutorials, and event information. TikTok is specifically named as a place where ASPIRE shares short videos and financial-literacy content. ASPIRE’s official Facebook presence is part of its social media channels launched in December 2025.

A practical approach is to match the question to the channel. Use aspire.gov.kn for official information, FAQs, and registration. Use Facebook, Instagram, and TikTok for the latest updates, tutorials, event information, short videos, and financial-literacy content. If information is being repeated informally, check it against aspire.gov.kn or the named official social media channels.","A learner in St. Kitts and Nevis has EC$5 set aside for bus fare to an ASPIRE event. Before making plans, the learner checks aspire.gov.kn and ASPIRE’s Facebook, Instagram, or TikTok for official updates and event information.","[{""wrong"": ""ASPIRE information is only on social media."", ""right"": ""Official ASPIRE information, FAQs, and registration are available at aspire.gov.kn.""}, {""wrong"": ""ASPIRE is not on TikTok."", ""right"": ""ASPIRE is on TikTok, along with Facebook and Instagram.""}, {""wrong"": ""ASPIRE social media is only for announcements."", ""right"": ""ASPIRE social media shares updates, tutorials, event information, short videos, and financial-literacy content.""}]","{""bus_fare_xcd"": 5}",
CON-0050,money_purpose_functions,What money is for,budgeting,5-8,adult,draft,FIN-001 FIN-002 FIN-003 FIN-060,what money does | why we use money | money instead of swapping | three jobs of money | how money works | learning about money,sort_buckets compare flow_diagram,15,"Money helps us buy things. In St. Kitts and Nevis, we use EC dollars. A shop, bus, or cook can take money. Then you do not need to swap your toy. Money has more than one job. You can spend it on a patty. You can keep it and use it later. You can also see which thing costs more.","Money is something people agree to accept when goods or services are exchanged. In Saint Kitts and Nevis, we use the Eastern Caribbean dollar. Money makes trading easier than barter, because you do not need to find someone who wants exactly what you have and also has exactly what you need.

Money has three main jobs. It is a way to buy things, like a patty, a bus ride, or school supplies. It is a way to compare prices, so you can see which item costs more. It is also a way to keep value, because you can hold it now and spend it later.","Money is something people agree to accept in exchange for goods and services. In Saint Kitts and Nevis, the money used is the Eastern Caribbean dollar. Without money, people would have to use barter: swapping one item directly for another. Barter can work, but only when each person wants exactly what the other person has. Money solves that problem because people generally accept it, so a person can sell what they have and buy what they need.

Money has three main jobs. As a medium of exchange, it lets you buy goods and services, such as a snow cone, bus ride, or school supplies. As a unit of account, it lets you compare prices and see how different choices relate to each other. As a store of value, it can be held now and used later. The three jars method shows this in a simple way: money received can be separated for spending, saving, and sharing or giving.","Money is a shared tool for exchange. It works because people agree to accept it for goods and services. In Saint Kitts and Nevis, that shared tool is the Eastern Caribbean dollar. The point of using money is not just that it exists; it makes trading easier. Under barter, a trade only works if both people want exactly what the other person has. With money, a person can sell what they have, receive money, and then use that money to buy what they need.

Money also helps with planning because it has three jobs. It is a medium of exchange, so it can be used to buy a patty, a bus ride, or materials for school. It is a unit of account, so prices can be compared before choosing. It is a store of value, so money can be held now and spent later. The three jars method connects these jobs to daily use by separating money received into spending, saving, and sharing or giving.","Money is something people agree to accept in exchange for goods and services. In Saint Kitts and Nevis, that money is the Eastern Caribbean dollar. Its basic purpose is to make exchange easier. Barter requires a direct match: each person must want exactly what the other person has. Money removes that problem because a person can sell what they have, hold the money, and use it to buy what they need from someone else.

For budgeting, the key idea is that money has more than one function. It is a medium of exchange, used to pay for goods and services. It is a unit of account, used to compare prices, such as the cost of a patty, school supplies, or a Carnival costume. It is also a store of value, because it can be held now and spent later. The three jars method makes these functions visible by separating money received into spending, saving, and sharing or giving, rather than treating all money as only for immediate spending.","If a learner in Saint Kitts and Nevis receives EC$20, they could put EC$10 in a spending jar, EC$5 in a saving jar, and EC$5 in a sharing or giving jar. The same money can help buy a snow cone, be held for school supplies later, or be set aside to give.","[{""wrong"": ""Money is only for buying something right now."", ""right"": ""Money can be used to buy things, compare prices, and hold value for later.""}, {""wrong"": ""Barter works whenever two people want to trade."", ""right"": ""Barter only works when each person wants exactly what the other has.""}, {""wrong"": ""Saving money means the money has no purpose yet."", ""right"": ""Holding money for later is one of money’s main jobs: store of value.""}]","{""received_xcd"": 20, ""spending_jar_xcd"": 10, ""saving_jar_xcd"": 5, ""sharing_jar_xcd"": 5}",
CON-0051,currency_exchange_rates,Currency exchange rates,budgeting,13-15,adult,draft,FIN-005 FIN-006 FIN-035 FIN-048,EC to US dollars | US dollar in EC dollars | changing money | currency conversion | the EC dollar peg | how much foreign money is worth,simulator compare timeline,9,,,"A currency exchange rate tells you how much one currency is worth in another currency. For St. Kitts and Nevis, the important rate is simple: one US dollar is always worth EC$2.70. This is a fixed exchange rate, also called a peg, and it has stayed the same since 7 July 1976.

To change EC dollars into US dollars, divide by 2.70. For example, EC$270 is US$100. To change US dollars into EC dollars, multiply by 2.70. For example, US$50 is EC$135.

This matters when you see a price in US dollars or when family abroad sends money home. Money sent home by family members living and working abroad is called remittances. When remittances are involved, compare transfer fees and exchange rates, because they vary a lot between providers.","Currency exchange rates help you read prices and plan a budget when money is shown in more than one currency. In St. Kitts and Nevis, one US dollar is always worth EC$2.70. This fixed exchange rate, or peg, has been in place since 7 July 1976, so the EC-to-US conversion does not change from day to day.

The two rules are direct. To convert EC dollars to US dollars, divide by 2.70. EC$270 becomes US$100. To convert US dollars to EC dollars, multiply by 2.70. US$50 becomes EC$135. Practising with small amounts can make the conversion feel automatic.

The peg matters beyond classroom sums. It keeps import prices predictable, protects savings from sudden currency swings, and gives businesses confidence to plan. It also helps explain why prices here do not jump around when the US dollar moves. If family living and working abroad sends money home, that money is called a remittance. For remittances, compare transfer fees and exchange rates, because they vary a lot between providers.","A currency exchange rate shows how one currency is valued in another. For St. Kitts and Nevis, the key rate is fixed: one US dollar is always worth EC$2.70. This fixed exchange rate, or peg, has remained the same since 7 July 1976.

The conversion rules are straightforward. To go from EC dollars to US dollars, divide by 2.70; EC$270 equals US$100. To go from US dollars to EC dollars, multiply by 2.70; US$50 equals EC$135. These rules are useful when reading a price, checking a quote, or comparing an amount stated in US dollars with an EC dollar budget.

The peg matters for planning. It keeps import prices predictable, protects savings from sudden currency swings, and gives businesses confidence to plan. It is also why prices here do not jump around when the US dollar moves.

Remittances are money sent home by family members living and working abroad, and they are an important income source for many Caribbean households. When sending or receiving remittances, compare transfer fees and exchange rates, because they vary a lot between providers.","If a Carnival costume item is priced at US$50, multiply by 2.70 to know it equals EC$135. That lets you compare it with money budgeted in EC dollars.","[{""wrong"": ""A US dollar amount can be treated as the same number of EC dollars."", ""right"": ""US dollars must be converted to EC dollars by multiplying by 2.70.""}, {""wrong"": ""To convert EC dollars to US dollars, multiply by 2.70."", ""right"": ""To convert EC dollars to US dollars, divide by 2.70.""}, {""wrong"": ""The peg means every remittance provider gives the same deal."", ""right"": ""For remittances, compare transfer fees and exchange rates, because they vary a lot between providers.""}]","{""fixed_rate_xcd_per_usd"": 2.7, ""example_ec_xcd"": 270, ""example_usd"": 100, ""example_usd_small"": 50, ""example_ec_result_xcd"": 135}",
CON-0052,cash_digital_money,Cash and digital money,budgeting,9-12,adult,needs_review,FIN-011,cash versus card | money on a phone | online money | digital EC dollars | DCash | paying without notes and coins,compare sort_buckets flow_diagram,12,,"Cash is money you can hold in your hand. It is the notes and coins you use to pay for something like a patty or school supplies. Digital money is real money too, but you do not hold it as notes or coins. Its value is recorded electronically in a bank account.

You can move digital money with a card, an app, or a transfer. If EC$20 is cash, it is EC$20 in notes or coins. If EC$20 is digital money, it is the same value stored in a different way. Cash and digital money are both real money.","Cash and digital money are two ways of storing the same kind of value. Cash is the physical notes and coins in your hand. Digital money is the same value recorded electronically in a bank account. The difference is not whether the money is real; both are real money. The difference is how the money is stored.

When you pay in cash, you hand over notes or coins. When you use digital money, you move the value with a card, an app, or a transfer. For example, EC$20 for school supplies can be held as cash, or it can be recorded electronically in a bank account and moved without handing over notes and coins. In both cases, the value is EC$20.","Cash is the physical form of money: notes and coins that are in your hand. Digital money is not a different value or pretend money. It is the same value recorded electronically in a bank account. The key difference is storage. Cash is stored as physical notes and coins; digital money is stored as an electronic record in a bank account.

The way the money moves is also different. With cash, the notes or coins move from one person to another. With digital money, the value can be moved using a card, an app, or a transfer. A payment of EC$20 for a bicycle item has the same value whether it is paid in notes and coins or moved electronically from a bank account. Understanding this helps separate the form of money from the value of money.","Cash and digital money are both real money. Cash is the physical notes and coins held in your hand. Digital money is the same value recorded electronically in a bank account. The practical distinction is how the money is stored: physically as notes and coins, or electronically as a record in a bank account.

Digital money can be moved using a card, an app, or a transfer. Cash moves when the physical notes and coins are handed over. For a household purchase such as EC$20 for school supplies, the value does not change because the form changes. EC$20 in notes and coins and EC$20 recorded electronically in a bank account represent the same value. The choice between cash and digital money is therefore about the form and movement of the money, not about whether it is money.","At a shop in St. Kitts and Nevis, EC$20 for school supplies can be handed over as notes and coins, or moved electronically from a bank account with a card, app, or transfer. Either way, the value is EC$20.","[{""wrong"": ""Digital money is not real money."", ""right"": ""Digital money is real money; it is the same value recorded electronically in a bank account.""}, {""wrong"": ""Cash and digital money are stored in the same way."", ""right"": ""Cash is stored as physical notes and coins in your hand, while digital money is stored electronically in a bank account.""}, {""wrong"": ""A card, app, or transfer is a different kind of money."", ""right"": ""A card, app, or transfer is a way to move digital money.""}]","{""payment_xcd"": 20, ""small_payment_xcd"": 5}",only 1 source row(s)
CON-0053,prices_choices_value,"Prices, value, and choices",budgeting,5-8,adult,needs_review,FIN-012,what a price means | is expensive better | choosing what to buy | can't have everything | giving up one thing for another | opportunity cost,reveal_cards compare sort_buckets,15,A price is money a seller asks for something. A patty may have a price of EC$5. A snow cone may have a price of EC$3. The seller sets the price. The price can be shaped by cost. It can also be shaped by how many people want it. A price tells the money asked. It does not tell all about the thing.,"A price is the amount of money a seller asks for a good or a service. If a snack seller asks EC$5 for a patty, EC$5 is the price. If another seller asks EC$3 for a snow cone, EC$3 is the price.

Sellers set prices. The amount they ask can be influenced by what it costs to supply the item and by how much people want it. A price is useful information, but it is only the money being asked. It does not, by itself, explain everything about the good or service.","A price is the amount of money a seller asks for a good or a service. For example, if a seller asks EC$5 for a patty, that asked amount is the price. If a bus service asks EC$4 for a ride, that asked amount is also a price, because it is money requested for a service.

Prices are set by sellers. The source idea does not say that a price is chosen by the buyer, or that a higher price always means a better item. It says that prices are influenced by what it costs to supply the item and by how much people want it.

So, when looking at school supplies, a bicycle, or a Carnival costume, the price is the EC$ amount the seller asks. That amount may reflect supply costs and demand, but the price itself is simply the money requested for the good or service.","A price is the amount of money someone asks for a good or a service. In everyday St. Kitts and Nevis examples, the EC$ amount on a patty, a bus ride, school supplies, a bicycle, or a Carnival costume is the price being asked by the seller or service provider.

The key point is that prices are set by sellers. A buyer may see the price, but the source idea says the seller sets it. The price can be influenced by what it costs to supply the item. It can also be influenced by how much people want that item or service.

This means price should be read carefully but narrowly. If a bicycle is priced at EC$250 and a Carnival costume is priced at EC$120, those figures tell you the amounts being asked. The source does not support saying that the higher-priced item is automatically better, more useful, or better value. It supports saying that each price is an amount asked by a seller, influenced by supply cost and demand.","A price is the amount of money someone asks for a good or a service. In household and community settings, this could be the EC$ amount asked for a patty, bus fare, school supplies, a bicycle, or a Carnival costume. The price is the seller’s requested amount for the item or service.

Prices are set by sellers. The amount a seller asks is influenced by what it costs to supply the item and by how much people want it. For example, if a seller asks EC$5 for a patty or EC$3 for a snow cone, those figures are prices: the amounts requested for those goods.

This concept is narrower than many everyday conversations about “value.” The source supports teaching that price is an asked amount, set by sellers and influenced by supply costs and demand. It does not support teaching that a higher price proves better quality, that a lower price is always the better choice, or that price alone tells whether something is worth buying.","At a snack stand in Basseterre, a seller asks EC$5 for a patty and EC$3 for a snow cone. Those asked amounts are the prices, and the seller sets them.","[{""wrong"": ""The buyer sets the price."", ""right"": ""The seller sets the price; it is the amount of money the seller asks for the good or service.""}, {""wrong"": ""A price depends only on what the item costs the seller to supply."", ""right"": ""A price is influenced by what it costs to supply the item and by how much people want it.""}, {""wrong"": ""A higher price automatically means the item is better."", ""right"": ""The source supports that price is the amount asked; it does not say that a higher price proves better quality.""}]","{""patty_price_xcd"": 5, ""snow_cone_price_xcd"": 3, ""bus_fare_xcd"": 4, ""carnival_costume_price_xcd"": 120, ""bicycle_price_xcd"": 250}",only 1 source row(s)
CON-0054,income_expenses_cashflow,"Income, expenses, and cash flow",budgeting,9-12,adult,draft,FIN-014 FIN-015 FIN-016 FIN-026,money coming in and going out | family money | income and spending | surplus and deficit | cash flow | where money comes from,flow_diagram timeline simulator,15,"Income means money coming in. Money comes in as pay, gifts, or allowance. An expense means money going out. Money goes out for food, bus rides, or school things.

If more comes in than goes out, some money is left. That money can be saved. If more goes out than comes in, money runs short.

Cash flow means when money comes and goes. The day matters too. A bill may come before your money comes. Then money can run short for that time.","Income is money coming in. It can be wages from a job, profit from a business, interest from savings, gifts, or allowance. An expense is money going out, such as food, transport, phone data, school supplies, or rent.

If income is bigger than expenses, there is a surplus. That means money is left over to save or invest. If expenses are bigger than income, there is a deficit. That means you may have to borrow or use savings.

For example, if you receive EC$20 as allowance and EC$15 as a gift, your income is EC$35. If you spend EC$12 on school supplies and EC$4 on transport, your expenses are EC$16, leaving EC$19. Cash flow also asks when the money arrives and when the bills are due.","Income is money coming in. It may come from wages from a job, profit from a business, interest from savings, dividends from shares, gifts, or allowance. An expense is money going out, such as food, transport, phone data, school supplies, or rent.

The difference between income and expenses shows whether there is a surplus or a deficit. A surplus happens when income is bigger than expenses, so money is left over to save or invest. A deficit happens when expenses are bigger than income, so the person may have to borrow or dip into savings.

Cash flow adds timing to the picture. It is not only the amount of money coming in and going out, but also when it moves. Someone can look profitable on paper and still run short if bills are due before income arrives. Tracking cash flow means tracking when money arrives, not just how much arrives.","Income is money coming in, and it can include wages from a job, profit from a business, interest from savings, dividends from shares, gifts, or allowance. Expenses are money going out. Food, transport, phone data, school supplies, and rent are all expenses.

When income is bigger than expenses, the result is a surplus. A surplus leaves money that can be saved or invested. When expenses are bigger than income, the result is a deficit. A deficit means the person has to borrow or dip into savings to cover the gap.

Cash flow is about timing. A budget can show enough income for the period, but the cash flow can still be tight if bills are due before income arrives. This is why tracking when money arrives matters as much as tracking how much arrives. The same idea applies to a person earning wages and to a business earning profit: money coming in later may not help with money going out today.","Income is money coming in. It may be wages from employment, profit from a business, interest from savings, dividends from shares, gifts, or allowance. Expenses are money going out, including food, transport, phone data, school supplies, and rent. Income is the fuel for everything else done with money, but expenses determine how quickly that fuel is used.

A surplus occurs when income is bigger than expenses. In that case, money is left over to save or invest. A deficit occurs when expenses are bigger than income. In that case, the person or household has to borrow or dip into savings. If expenses are bigger than income, the shortfall repeats every month unless the relationship between money coming in and money going out changes.

Cash flow is the timing of those movements. A person or business can be profitable on paper and still run short if bills are due before income arrives. Good cash-flow thinking tracks when money arrives, not just how much, and compares that timing with when expenses must be paid.","In St. Kitts and Nevis, Jada receives EC$20 as allowance and EC$15 as a gift, then spends EC$12 on school supplies and EC$4 on bus fare. Her income is EC$35, her expenses are EC$16, and her surplus is EC$19.","[{""wrong"": ""Income means there will always be enough money."", ""right"": ""Income is money coming in, but you can still run short if expenses are bigger than income.""}, {""wrong"": ""Cash flow is only about the total amount of money."", ""right"": ""Cash flow is also about timing: when money arrives and when bills are due.""}, {""wrong"": ""A surplus and a deficit mean the same thing."", ""right"": ""A surplus means income is bigger than expenses; a deficit means expenses are bigger than income.""}]","{""allowance_xcd"": 20, ""gift_xcd"": 15, ""school_supplies_xcd"": 12, ""bus_fare_xcd"": 4, ""income_total_xcd"": 35, ""expense_total_xcd"": 16, ""surplus_xcd"": 19, ""deficit_xcd"": 19}",
CON-0055,assets_liabilities_networth,"Assets, liabilities, and net worth",budgeting,13-15,adult,draft,FIN-023 FIN-024 FIN-025,things you own and owe | what I am worth | assets and debts | net worth | liabilities | money picture,growth_stack compare simulator,9,,,"An asset is something you own that has value. It may earn you money or grow in value. Savings, shares, land, tools, and a business are examples of assets. Assets work for you because they add value to what you own.

A liability is something you owe. A loan, a credit card balance, or unpaid bills are liabilities. Liabilities take money away from you each month when you make repayments.

Net worth is everything you own minus everything you owe. If you have EC$3,000 in savings and owe EC$1,200 on a loan, your net worth is EC$1,800. Watching net worth grow over time is a way to see financial progress.","Assets, liabilities, and net worth give a simple picture of what you own and what you owe. An asset is something you own that has value and may earn money or grow in value. Savings, shares, land, tools, and a business are examples. Assets work for you.

A liability is something you owe. Loans, credit card balances, and unpaid bills are examples. Liabilities take money away from you each month through repayments, so they reduce what is left after you pay what you owe.

Net worth is calculated by subtracting everything you owe from everything you own. For example, if you have EC$3,000 in savings and owe EC$1,200 on a loan, your net worth is EC$1,800. Growing net worth over time is the real measure of financial progress, because it shows whether what you own is rising compared with what you owe.","Assets, liabilities, and net worth are a basic way to read your financial position. An asset is something you own that has value and may earn money or grow in value. Assets can include savings, shares, land, tools, or a business. The key idea is that assets work for you.

A liability is something you owe. Examples include a loan, a credit card balance, or unpaid bills. Liabilities take money away from you each month in repayments, so they sit on the other side of your financial picture from assets.

Net worth is everything you own minus everything you owe. If you have EC$3,000 in savings and owe EC$1,200 on a loan, your net worth is EC$1,800. Growing net worth over time is the real measure of financial progress. This is why the asset side and the liability side both matter: the final number depends on both what has value for you and what you still owe.","A student in St. Kitts and Nevis has EC$3,000 in savings for school supplies and owes EC$1,200 on a loan. Their net worth is EC$1,800, because net worth is what they own minus what they owe.","[{""wrong"": ""An asset is anything I like or use."", ""right"": ""An asset is something you own that has value and may earn you money or grow in value.""}, {""wrong"": ""A loan is not a liability if I am managing the repayments."", ""right"": ""A loan is a liability because it is something you owe, and repayments take money away each month.""}, {""wrong"": ""Net worth is the same as savings."", ""right"": ""Net worth is everything you own minus everything you owe.""}]","{""savings_xcd"": 3000, ""loan_xcd"": 1200, ""net_worth_xcd"": 1800}",
CON-0056,inflation_purchasing_power,Inflation and purchasing power,budgeting,9-12,adult,draft,FIN-018 FIN-019 FIN-020 FIN-328 FIN-335,prices going up | money buys less | cost of living | purchasing power | why things get more expensive | same money less stuff,simulator timeline compare,12,,"Inflation means prices rise over time. When that happens, the same money buys less than before. For example, the same EC$100 will not buy as much if many prices have gone up.

Purchasing power means how much your money can actually buy. If a patty costs EC$5 today and prices rise 4 percent a year, that same patty costs about EC$7.40 in ten years. Your EC$5 did not shrink, but it cannot buy the same patty anymore.

Money left doing nothing for years can quietly lose buying power. Saving in an account that pays interest is one way to help protect what your money can buy.","Inflation is a rise in prices over time. It is also a rise in the cost of living, because the same things cost more than before. Under inflation, the same EC$100 buys less than it once did.

Purchasing power is the amount your money can actually buy. The patty example shows this clearly: if a patty costs EC$5 today and prices rise 4 percent a year, in ten years the same patty costs about EC$7.40. The EC$ amount in your hand did not shrink, but what it can buy did.

Purchasing power falls when prices rise faster than income. That is why money left doing nothing for years can lose buying power even though the number of dollars has not changed. Saving in an account that pays interest and investing for the long term are two ways to help protect purchasing power.","Inflation means prices are rising over time, so the same amount of money buys less than it did before. It is not that the EC$ amount shrinks. The change is in what that money can actually buy.

Purchasing power is the name for that buying ability. If a patty costs EC$5 today and prices rise 4 percent a year, in ten years the same patty costs about EC$7.40. The increase is about EC$2.40. If you still have only EC$5 for that patty, your money has less purchasing power than before.

This matters for budgeting because prices and income do not always move together. Purchasing power falls when prices rise faster than income. Leaving money doing nothing for years can quietly reduce what it can buy. Saving in an account that pays interest and investing for the long term are two ways to help protect purchasing power.","Inflation is an increase in prices over time. When prices rise, the same EC$100 buys less than it did before. Inflation is therefore a cost-of-living issue as well as a budgeting issue, because the number of dollars may stay the same while the amount those dollars can buy falls.

Purchasing power means how much your money can actually buy. A simple example is a patty that costs EC$5 today. If prices rise 4 percent a year, in ten years that same patty costs about EC$7.40. The money did not shrink, but what it can buy did.

Purchasing power falls when prices rise faster than income. This is why leaving money doing nothing for years can quietly reduce buying power. Saving in an account that pays interest and investing for the long term are two ways to help protect it.","In St. Kitts and Nevis, imagine a patty costs EC$5 today. If prices rise 4 percent a year, in ten years that same patty costs about EC$7.40, so the same EC$5 no longer buys it.","[{""wrong"": ""Inflation means prices keep falling, so money buys more."", ""right"": ""Inflation means prices rise over time, so money buys less.""}, {""wrong"": ""Inflation makes the EC$ amount shrink."", ""right"": ""The money amount does not shrink; what it can buy falls.""}, {""wrong"": ""Purchasing power only changes when income changes."", ""right"": ""Purchasing power falls when prices rise faster than income.""}]","{""money_example_xcd"": 100, ""patty_today_xcd"": 5, ""annual_price_rise_percent"": 4, ""years"": 10, ""patty_later_xcd"": 7.4, ""price_increase_xcd"": 2.4, ""minimum_deposit_rate_percent"": 2}",
CON-0057,east_caribbean_money_system,The Eastern Caribbean money system,budgeting,13-15,adult,draft,FIN-001 FIN-004 FIN-033 FIN-034 FIN-036 FIN-040 FIN-262 FIN-263 FIN-309,ECCB | central bank | countries using EC dollars | shared currency | financial regulators | foreign reserves,timeline reveal_cards flow_diagram,9,,,"Money is something people agree to accept in exchange for goods and services. In Saint Kitts and Nevis, that money is the Eastern Caribbean dollar, written as EC$ and shortened to XCD. The Eastern Caribbean Central Bank issues it, and its head office is in Basseterre.

Saint Kitts and Nevis does not use the EC dollar alone. It is shared by eight members of the Eastern Caribbean Currency Union: Anguilla, Antigua and Barbuda, Dominica, Grenada, Montserrat, Saint Kitts and Nevis, Saint Lucia, and Saint Vincent and the Grenadines. Sharing one currency means people and businesses do not face exchange costs when trading between these islands.

The shared system is also meant to keep the currency stable and credible. Instead of each small economy trying to hold its own small set of foreign reserves, the region has one strong pool. Foreign reserves are US dollars and other foreign currency held by the ECCB. They back the EC dollar and help the bank defend the EC$2.70 peg.","The Eastern Caribbean money system is built around a shared currency: the Eastern Caribbean dollar, written as EC$ and shortened to XCD. Money works because people agree to accept it for goods and services. In Saint Kitts and Nevis, the EC dollar is issued by the Eastern Caribbean Central Bank, whose head office is in Basseterre.

Eight members of the Eastern Caribbean Currency Union use the EC dollar: Anguilla, Antigua and Barbuda, Dominica, Grenada, Montserrat, Saint Kitts and Nevis, Saint Lucia, and Saint Vincent and the Grenadines. For budgeting and trade, this matters because using the same currency removes exchange costs when trading between the islands. It also gives the members one strong pool of foreign reserves instead of eight small ones, supporting a stable and credible currency.

The EC dollar has been in use since 1965, when it replaced the British West Indies dollar. It was first tied to the British pound, then switched to the US dollar peg in 1976 because the United States had become the region’s main trading partner. Foreign reserves are the US dollars and other foreign currency held by the ECCB. They back the EC dollar and help defend the EC$2.70 peg. The ECCB also piloted DCash from March 2021, including in Saint Kitts and Nevis, but that pilot concluded in January 2024. In February 2026, the ECCB decided to focus instead on a regional Fast Payment System, which is in progress rather than live.","The Eastern Caribbean money system matters for everyday budgeting because Saint Kitts and Nevis uses the Eastern Caribbean dollar, written as EC$ and shortened to XCD. Money is anything widely accepted in exchange for goods and services, so the same EC dollar can be used when planning spending on items such as a snow cone, bus fare, school supplies, or a Carnival costume. The EC dollar is issued by the Eastern Caribbean Central Bank, whose head office is in Basseterre.

Saint Kitts and Nevis shares the EC dollar with Anguilla, Antigua and Barbuda, Dominica, Grenada, Montserrat, Saint Lucia, and Saint Vincent and the Grenadines. These eight members form the Eastern Caribbean Currency Union. A shared currency means there are no exchange costs when trading between the islands. It also gives the members one strong pool of foreign reserves instead of eight small ones, helping small economies maintain a stable and credible currency.

The EC dollar has been used since 1965, replacing the British West Indies dollar. It was originally tied to the British pound, then switched to the US dollar peg in 1976 because the United States had become the region’s main trading partner. Foreign reserves are US dollars and other foreign currency held by the ECCB. They back the EC dollar and let the bank defend the EC$2.70 peg. The ECCB also ran the DCash pilot from March 2021 to January 2024, including in Saint Kitts and Nevis. Its current regional Fast Payment System work is in progress rather than live.","If a costume maker in Basseterre buys EC$150 of Carnival costume material from Saint Lucia, both places use the EC dollar. That means the trade does not need an exchange cost between those islands.","[{""wrong"": ""Saint Kitts and Nevis has its own separate dollar."", ""right"": ""Saint Kitts and Nevis uses the Eastern Caribbean dollar, written as EC$ and shortened to XCD.""}, {""wrong"": ""Only Saint Kitts and Nevis uses the EC dollar."", ""right"": ""Eight members of the Eastern Caribbean Currency Union share the EC dollar.""}, {""wrong"": ""DCash is the live digital EC dollar system now."", ""right"": ""The DCash pilot concluded in January 2024, and the ECCB is focusing on a regional Fast Payment System that is in progress rather than live.""}]","{""eccu_members"": 8, ""peg_xcd"": 2.7, ""ec_dollar_since"": 1965, ""us_peg_since"": 1976, ""dcash_start_year"": 2021, ""dcash_end_year"": 2024, ""fps_focus_decision_year"": 2026, ""example_material_cost_xcd"": 150}",
CON-0058,saving_habit,Building a saving habit,saving,5-8,adult,draft,ASP-126 FIN-049 FIN-052 FIN-053 FIN-059 FIN-061 FIN-063 FIN-312 FIN-347,save some money | pay yourself first | saving every time | small savings add up | automatic saving | not spending it all,timeline simulator allocator,15,"Saving means keeping some money for later. You do not spend it all now. A piggy bank helps you see your money. You can put in coins each week. Small bits can add up.

Later, you may buy something bigger, like a bicycle. Saved money can also help when something goes wrong. A piggy bank can be lost or spent. When the pile gets big, do not leave it there.","Saving means keeping some of your money instead of spending all of it. You keep it so you can use it later for something bigger, or for an emergency. Small amounts matter when you save them often. Saving EC$5 a week becomes EC$260 in a year.

Pay yourself first means saving when money arrives, before you start spending. If you wait to save whatever is left at the end, there is usually nothing left. A piggy bank can help you see your money, but it earns nothing and can be lost or spent. When the amount becomes meaningful, it belongs in a real savings account.","A saving habit is the practice of keeping part of your money instead of spending all of it. The purpose is not only to build a bigger amount; it is to make saving something you do regularly. Even EC$5 a week becomes EC$260 in a year, so a small action can still be useful when it is repeated.

Pay yourself first is one way to build the habit. It means moving money into savings as soon as income arrives, before spending begins. If you wait to save whatever remains at the end, there is usually nothing left. Making the move automatic helps because the decision is already made.

Unexpected money can also support the habit. For a gift or bonus, a useful split is most into savings, some toward a goal you already had, and a small amount to enjoy guilt free. That keeps the money available for later goals or emergencies without needing every dollar to stay untouched.","Building a saving habit means deciding that part of your money is for later before you decide what to spend now. Saving is keeping some money instead of spending all of it, so it is available for something bigger or for an emergency. The habit matters because small amounts add up when they are saved consistently. EC$5 a week becomes EC$260 in a year.

Pay yourself first is the practical version of this idea. When income arrives, move money into savings before spending starts. The easiest way to do it consistently is to make it automatic: set a standing instruction so a fixed amount moves from your main account into savings on payday. Money you never see is money you never miss.

A monthly rule can also help. In the 10-20-30-40 formula, the 10 is 10 percent of net income going to saving as a monthly habit. That saving is your liquidity, meaning money you can reach quickly. If unexpected money arrives, save most of it before planning a spending spree, put some toward a goal you already had, and keep a small amount to enjoy guilt free.","A saving habit is a repeatable system for keeping part of your money instead of spending all of it. The money remains available later for a larger goal or for an emergency. The central point is consistency: even small amounts add up when saved regularly, and EC$5 a week becomes EC$260 in a year.

Pay yourself first means moving money into savings as soon as income arrives, before ordinary spending begins. If saving is left until the end, there is usually nothing left. The easiest consistent method is automation: use a standing instruction so a fixed amount moves from the main account into savings on payday. This makes the action automatic, and money you never see is money you never miss.

For monthly planning, the 10 in the 10-20-30-40 formula means 10 percent of net income goes to saving as a monthly habit. This is liquidity: money you can reach quickly. Unexpected money can be treated the same way as regular income, but with a simple split: save most of it, put some toward a goal you already had, and keep a small amount to enjoy guilt free. For young children, a piggy bank can make saving visible, but meaningful amounts should move into a real savings account because a piggy bank earns nothing and can be lost or spent.","In St. Kitts and Nevis, if you keep EC$5 each week before buying a patty or snow cone, after 4 weeks you have EC$20 toward school supplies. The same habit repeated for a year would make EC$260.","[{""wrong"": ""Saving only matters when the amount is big."", ""right"": ""Small amounts add up when saved regularly; EC$5 a week becomes EC$260 in a year.""}, {""wrong"": ""It is best to save whatever is left after spending."", ""right"": ""Pay yourself first means moving money into savings when income arrives, because there is usually nothing left at the end.""}, {""wrong"": ""A piggy bank is always enough."", ""right"": ""A piggy bank helps young children see saving, but meaningful amounts should move into a real savings account.""}]","{""weekly_saving_xcd"": 5, ""weeks"": 4, ""four_week_total_xcd"": 20, ""annual_total_xcd"": 260, ""monthly_saving_percent"": 10}",
CON-0059,emergency_savings,Emergency savings,saving,9-12,adult,draft,FIN-027 FIN-046 FIN-047 FIN-050 FIN-054 FIN-055 FIN-312 FIN-355 FIN-356,money for emergencies | rainy day money | emergency fund | hurricane money plan | keep some money aside | backup savings,allocator timeline reveal_cards,12,,"Emergency savings is money you keep aside for surprises. A phone can break, bus fare can go up, or someone in your family may need help. When money is ready for surprises, a small problem is less likely to become a big one.

This money is not for sales or holidays. It is for unexpected costs, such as sickness, a broken appliance, or sudden loss of income. People also call it rainy day money or an emergency fund. Saving means keeping part of your money now so it is available later.","Emergency savings is money set aside only for unexpected costs. It is for things like a medical bill, a broken appliance, a phone breaking, a bus fare increase, a family member needing help, sickness, or sudden loss of income. It is not for sales or holidays. Its job is to stop a setback from pushing you into debt.

In St. Kitts and Nevis, emergency savings matters because island life can make prices change quickly. Small island economies import most goods, so global prices and shipping costs can feed into local prices. The economy also depends heavily on a few sectors, including tourism, so income can be affected when those sectors slow.

A practical starting point is one month of essential expenses. After that, the goal can grow toward three to six months. For a household exposed to hurricanes and tourism swings, closer to six months is a sensible target.","Emergency savings, also called a rainy day fund, is money reserved for unexpected costs. It is not spending money for sales or holidays. It is meant for adverse situations such as sickness, loss of a job, an unexpected bill, a medical bill, a broken appliance, a broken phone, a bus fare increase, or a family member needing help. Having it ready helps you handle the surprise without panic or borrowing.

The size of the fund can grow in stages. A useful first target is one month of essential expenses. After that, build toward three to six months. In an economy exposed to hurricanes and tourism swings, a household may sensibly aim closer to six months.

Hurricane season adds another reason to plan ahead. Savings should be built before the season, and some cash should be accessible in case card systems go down. It also helps to know your insurance coverage and keep copies of important financial documents somewhere safe. Preparation is cheaper than recovery.","An emergency fund is money set aside only for unexpected costs, not for sales or holidays. It is a financial resource to draw on when adverse situations arise, such as sickness, loss of a job, an unexpected bill, a medical bill, a broken appliance, a broken phone, a bus fare increase, or a family member needing help. Its purpose is to keep a setback from forcing the household into debt.

A staged target is useful. Start with one month of essential expenses, then build toward three to six months. In St. Kitts and Nevis, aiming closer to six months can be sensible for a household because the economy is exposed to hurricanes and tourism swings.

Small island conditions make this planning especially valuable. Small island economies import most goods, so global prices and shipping costs can feed into local prices. They also depend heavily on a few sectors, including tourism. Before hurricane season, build savings, keep some cash accessible in case card systems go down, know your insurance coverage, and keep copies of important financial documents somewhere safe.","A student in Basseterre keeps EC$5 each week for 4 weeks, making EC$20. That EC$20 can be kept for a surprise such as a bus fare increase or a phone breaking.","[{""wrong"": ""Emergency savings is for sales or holidays."", ""right"": ""Emergency savings is only for unexpected costs, such as sickness, a broken appliance, sudden loss of income, or another surprise.""}, {""wrong"": ""A rainy day fund is different from an emergency fund."", ""right"": ""A rainy day fund is another name for an emergency fund.""}, {""wrong"": ""Emergency savings only matters during hurricanes."", ""right"": ""Hurricane season is one reason to plan, but emergencies can also include sickness, job loss, a broken phone, a bus fare increase, or a family member needing help.""}]","{""weekly_saving_xcd"": 5, ""weeks"": 4, ""total_xcd"": 20, ""starter_months"": 1, ""target_min_months"": 3, ""target_max_months"": 6}",
CON-0060,saving_goals_methods,Saving goals and methods,saving,5-8,adult,draft,ASP-124 FIN-051 FIN-063 FIN-065 FIN-066 FIN-067 FIN-073,saving for something | money goal | three jars | piggy bank plan | short-term and long-term saving | sinking fund,allocator timeline growth_stack flow_diagram,15,"A saving goal is money kept for something later. It could help buy school supplies or a bicycle. Choose the thing, then keep some money for it. When you get EC$50, put EC$5 away first. A jar or box can hold it.

A chart can show how close you are. Each time money is added, mark the chart. A family can save for a shared goal too. Each child may add a small bit.","A saving goal gives your money a job. The goal might be school supplies, a bicycle, or something the whole family can see. A simple starting rule is to save at least a tenth of what you receive. If you get EC$50, save EC$5. The key is doing it every time money comes in.

Some goals need a method. A sinking fund means saving bit by bit for a known future cost, such as school fees in September or Christmas in December. A family can also use a chart on the fridge and mark progress together. A sou-sou, or partner hand, is another method where members put in a fixed amount each week and take turns getting the pot. It builds discipline, pays no interest, and depends on trust.","A saving goal is a planned future use for money. It works best when the goal is clear and the method matches the kind of cost. For regular money you receive, a simple starting rule is to save at least a tenth each time. If you receive EC$50, EC$5 goes to saving before the rest is used. For unexpected money, a good split is most into savings, some toward a goal you already had, and a small amount to enjoy.

For a known future expense, use a sinking fund. That means putting money aside gradually, so a cost like school fees in September or Christmas in December is spread into small monthly amounts instead of one painful bill. For education, the source method is to start as early as possible, save a fixed amount every month, keep it in a separate dedicated account, and increase the amount whenever household income rises. A sou-sou can also support discipline through social commitment, but it pays no interest and depends entirely on trusting every member.","Saving goals turn vague intentions into a plan for future spending. Start by naming the expense, such as school supplies, a Carnival costume, or education costs, then choose a method. A basic rule is to save at least a tenth of everything received; from EC$50, that means EC$5. The important part is repetition: the saving happens every time money comes in, not only when it feels easy.

Different goals fit different methods. A sinking fund fits a known future expense, because it spreads the cost into small monthly amounts instead of leaving one painful bill. Education saving is treated as a longer-term goal: start as early as possible, use a fixed monthly amount rather than occasional lump sums, keep the money in a separate dedicated account, and increase the saving amount when household income rises. Unexpected money can be split before a spending spree begins: most to savings, some to an existing goal, and a small amount to enjoy. A sou-sou or partner hand is a traditional rotating group where members contribute a fixed amount each week and take turns receiving the pot; it builds discipline through social commitment, pays no interest, and relies on trust.","Saving goals and methods help households connect money received today with known needs ahead. A simple starting rule is to save at least a tenth of everything received; EC$50 received means EC$5 saved. The habit matters because it happens every time. When unexpected money arrives, the supported split is most into savings, some toward an existing goal, and a small amount to enjoy guilt free.

For predictable costs, a sinking fund spreads a known future expense into small monthly amounts. This can fit costs such as school fees in September, Christmas in December, or a planned Carnival costume. For a child’s education, the supported method is to start as early as possible so compounding has time to work, save a fixed amount every month rather than occasional lump sums, keep the money in a separate dedicated account, and increase the amount whenever household income rises.

Saving can also be social. A family can set one shared visible goal, use a chart on the fridge, let children contribute small amounts, and mark progress together. A sou-sou or partner hand can build discipline through fixed weekly contributions and social commitment, but it pays no interest and depends entirely on trust among all members.","In St. Kitts and Nevis, a student who receives EC$50 can put EC$5 aside first for school supplies and mark the progress on a chart at home. If gift money comes in later, most can go to savings, some to that school-supplies goal, and a small amount can buy a snow cone.","[{""wrong"": ""A saving goal is only for large purchases."", ""right"": ""A saving goal can be for a known future expense, education, a family goal, or a smaller item like school supplies.""}, {""wrong"": ""Unexpected money is best planned after deciding what to buy."", ""right"": ""The supported method is to save most of unexpected money before a spending spree, put some toward an existing goal, and keep a small amount to enjoy.""}, {""wrong"": ""A sou-sou is the same as earning interest."", ""right"": ""A sou-sou builds discipline through social commitment, but it pays no interest and depends on trusting every member.""}]","{""received_xcd"": 50, ""save_amount_xcd"": 5, ""save_rule_denominator"": 10, ""shared_goal_count"": 1}",
CON-0061,saving_places_risk,Places to keep savings and their risks,saving,9-12,adult,draft,FIN-057 FIN-062,where to keep savings | bank or piggy bank | sou-sou or partner hand | safe place for money | saving versus investing | risk with savings,compare sort_buckets timeline,12,,"When you choose where to keep savings, start with when you need the money. If the goal is soon, such as school supplies or a bicycle within about a year, saving means keeping the money safe and available. The source describes this as using a safe, accessible account. Savings may earn modest interest, but the main point is that the money is there when needed.

Investing is different. It puts money into things like shares or bonds. Those can grow more, but they can also fall in value. That is why money for a nearby goal is saved, while money for years-away goals, like education or a home, can be invested for possible higher growth.","A good place for savings depends on the goal’s timing. Short-term saving is for things within about a year, such as a bicycle or school supplies. For that kind of goal, the money should stay safe and accessible. Saving keeps money available and may add modest interest, so it fits money you expect to use soon.

Investing is for a different job. It puts money into things like shares or bonds, which can grow more but can also fall in value. That fall is the key risk if you need the money soon. For goals years away, such as education or a home, investing can be used for higher growth because the goal is later. In simple terms: save for soon, invest for later.","Choosing a place for savings is really a timing decision. If the money is for a short-term goal within about a year, such as school supplies or a bicycle, it should stay in a safe, accessible account. The reason is not mainly high growth. Saving is meant to keep money safe and available, with modest interest.

Investing has a different risk and reward pattern. Shares or bonds can grow more than savings, but they can also fall in value. If money for a near goal is invested, the risk is that its value may be lower when the money is needed. That is a timing mismatch.

For goals years away, such as education or a home, investing can be considered because the source connects long-term goals with higher growth. The basic rule is to match the place to the deadline: money needed soon belongs in savings, while money for later can take investment risk for possible higher growth.","The main choice is not simply “where can money grow most?” It is “when will this money be needed?” Short-term saving means money for things within about a year, such as a bicycle or school supplies. That money should stay in a safe, accessible account because saving is designed to keep money safe and available, with modest interest.

Investing serves a different purpose. It puts money into assets such as shares or bonds. These can grow more, but they can also fall in value. That fall matters most when the money has a nearby purpose. If the goal is soon, the need for access and safety is the deciding factor.

For goals years away, such as education or a home, investing can be used for higher growth. The useful distinction is: save for soon, invest for later. The risk is not that one choice is always good and the other is always bad; the risk is using the wrong place for the goal’s time frame.","A student in St. Kitts and Nevis saving EC$5 each week for 4 weeks has EC$20 for school supplies. Because the goal is soon, this is short-term saving and should stay in a safe, accessible account.","[{""wrong"": ""Saving and investing are the same thing."", ""right"": ""Saving keeps money safe and available with modest interest; investing can grow more but can also fall in value.""}, {""wrong"": ""Money needed soon should be put wherever it might grow the most."", ""right"": ""Money needed within about a year should stay in a safe, accessible account.""}, {""wrong"": ""Investing can only go up."", ""right"": ""Investments such as shares or bonds can grow more, but they can also fall in value.""}]","{""weekly_saving_xcd"": 5, ""weeks"": 4, ""total_xcd"": 20}",
CON-0062,savings_goals_tracking,Tracking savings goals,saving,5-8,adult,needs_review,FIN-056 FIN-071 FIN-072,watching my savings grow | saving chart | money goal tracker | saving for something big | staying excited to save,growth_stack timeline simulator,15,"A money goal says what you want to buy. It says how much money you need. It says when you want to have it. To track it, write each time you add money. Write which goal that money is for. You can draw a bar for the goal. Colour more of it when your saved money goes up. A big goal can have small stops. You can cheer each stop you reach. Seeing your money go up can help you keep going.",,,,,"In St. Kitts and Nevis, a learner saving for a Carnival costume could set the exact amount at EC$600 and the date six months away, then track EC$25 each week. The written record can show each deposit for that costume, with a progress bar coloured as the total climbs.","[{""wrong"": ""A savings goal can just be “I want to save money.”"", ""right"": ""A useful goal names the exact thing, the exact amount, and the exact date.""}, {""wrong"": ""If money is being saved, there is no need to write anything down."", ""right"": ""A simple written record of each deposit and the goal it belongs to helps track what has been saved.""}, {""wrong"": ""Motivation has to come only from willpower."", ""right"": ""Milestones and a coloured progress bar make progress visible, which can help motivation.""}]","{""goal_xcd"": 600, ""months"": 6, ""weekly_target_xcd"": 25, ""far_goal_xcd"": 1200, ""milestone_xcd"": 100, ""parts_required"": 3}","PROGRAMME in 9-12: claims about the programme (['deposit']) with no ASP- source row; PROGRAMME in 13-15: claims about the programme (['deposit']) with no ASP- source row; PROGRAMME in 16-18: claims about the programme (['deposit', 'deposits']) with no ASP- source row; PROGRAMME in adult: claims about the programme (['deposit']) with no ASP- source row"
CON-0063,budgeting_basics,Budgeting basics,budgeting,9-12,adult,draft,ASP-124 FIN-075 FIN-091 FIN-169 FIN-322 FIN-342 FIN-343,money plan | spending plan | first budget | teen budget | household budget | planning where money goes,allocator sort_buckets simulator flow_diagram,15,"A money plan tells your cash where to go. You can use coins to make 3 piles. One pile is to spend now. One pile is to save for later. One pile is to share with others. If you get EC$10, choose before you buy. You may want a snow cone today. You may save for a bicycle later. A plan helps you stop and choose.","A budget is a plan for your money. You write down what is coming in, what has to go out, and what is left. It is not meant to stop you from spending; it helps you decide where the money goes before it disappears.

By eight or nine, a child can plan for a goal several weeks away. If you have EC$20 for the week, you might plan EC$5 for a bicycle goal before choosing a patty or a snow cone. The budget shows needs, wants, and what is left, so you can avoid running out because of impulse buying.","A budget is a written plan for your money. It shows what is coming in, what has to go out, and what is left. The point is not to restrict every choice. The point is to decide where money goes before it disappears.

By the teen years, you can run a full monthly budget with real categories. A category might be money that has to go out, money for a goal, and money left for choices such as a patty or a snow cone. If EC$20 comes in for the week and EC$5 is planned for a bicycle, the plan shows EC$15 left for other spending or sharing.

Budgeting also helps you compare needs and wants. In a shop activity, students with a set budget and a shopping list of needs may still see attractive wants on the shelf. The budget helps make the pattern clear: running out often happens when wants are chosen before needs.","Budgeting is taking control of your money. A budget writes down what is coming in, what has to go out, and what is left, then guides choices before the money disappears. It is not mainly about restriction; it is about deciding where money goes instead of letting impulse, advertising, or the moment decide for you.

At this age, a full monthly budget can use real categories. If EC$20 comes in each week for 4 weeks, the monthly budget starts with EC$80. If EC$5 each week is planned for a bicycle or a Carnival costume, EC$20 is set aside over those 4 weeks, and the budget shows what remains for other needs and wants.

A budget does not make every want affordable. It helps focus on needs rather than wants and helps avoid overspending. When a choice comes up, such as a patty now or saving toward a goal several weeks away, the budget gives you something to check before spending.","A budget is a plan for household money. It records what is coming in, what has to go out, and what is left. It is not a promise that every want can be bought. It is a way to decide where money goes before it disappears.

For a household, the same basic idea applies whether the money is for school supplies, bus fare, a patty, a snow cone, a bicycle, or a Carnival costume. Needs and wants compete for the same money. A budget helps the household focus on needs rather than wants and avoid overspending.

Budgeting also supports control. Instead of letting impulses or advertising decide, the household can look at the plan first. If EC$20 comes in each week for 4 weeks, the plan can show EC$80 coming in for that period. If EC$5 each week is planned for a goal, EC$20 is set aside, and the remaining money can be planned before it disappears.","A student in St. Kitts and Nevis receives EC$20 for the week. They plan EC$5 for a bicycle goal, leaving EC$15 for choices such as bus fare, a patty, a snow cone, or sharing.","[{""wrong"": ""A budget means you are not allowed to spend on anything you like."", ""right"": ""A budget is a plan that helps you decide where money goes before it disappears.""}, {""wrong"": ""A household budget helps a family buy everything it wants."", ""right"": ""A budget helps a household focus on needs rather than wants and avoid overspending.""}, {""wrong"": ""Budgeting is only for adults."", ""right"": ""Young children can use a simple save, spend and share split, and teens can use a full monthly budget with real categories.""}]","{""simple_piles"": 3, ""child_money_xcd"": 10, ""weekly_money_xcd"": 20, ""planned_saving_xcd"": 5, ""weeks"": 4, ""saved_total_xcd"": 20, ""money_left_xcd"": 15, ""monthly_money_xcd"": 80}",
CON-0064,needs_vs_wants,Needs vs wants,budgeting,5-8,adult,draft,FIN-077 FIN-078 FIN-344 FIN-345 FIN-370,things I need and things I want | must-have or nice-to-have | is this important | phone need or want | wants and needs | things I need | things I want | is clothing always a need,sort_buckets allocator reveal_cards,15,"A need is something you must have. It helps you live, learn, or stay safe. Food, water, a home, school things, and plain clothes are needs.

A want is nice, but you can live without it. Sweets, games, and the newest phone are wants. A basic phone may help with safety and school messages. The newest phone is still a want.

Pick needs first when money cannot buy everything.","A need is something you must have to live and function. Food, water, shelter, school supplies, and basic clothing are needs. A want is something you would enjoy but could live without, such as sweets, games, or the newest phone.

Some things depend on the situation. A basic phone for safety and school communication is close to a need. The newest phone with the biggest storage is a want. Clothing can work the same way: basic clothing is a need, but special occasion clothing is a want. When money is limited, choosing needs before wants helps a budget work.","Needs and wants are a way to sort spending choices. A need is something you must have to live and function, such as food, water, shelter, school supplies, and basic clothing. A want is something you would enjoy but could live without, such as sweets, games, or the newest phone.

The label depends on what the item actually does. A phone used for safety and school communication is close to a need if it is basic. The newest model with the biggest storage is a want because the extra features are not required for that job. Clothing is similar. Basic clothing is a need, but brand-name clothing or clothing for a special occasion is a want.

This matters because most people have limited financial resources but unlimited wants. A budget works better when needs are handled before items on the wish list.","Needs versus wants is not about whether something is good or bad. It is about whether the item is required to live and function, or whether it is enjoyable but possible to live without. Food, water, shelter, school supplies, and basic clothing are needs. Sweets, games, and the newest phone are wants.

Some choices are not obvious from the category name. A phone can be close to a need when it is basic and used for safety and school communication. The newest model with the biggest storage is a want because it goes beyond the job that needs doing. Clothing is also mixed: basic clothing is a need, but brand-name or occasion clothing is a want.

The reason to sort choices this way is that most people have limited income and resources, while wants can keep growing. Spending on needs first, then looking at the wish list, is one way to use a budget wisely.","A need is something a person must have to live and function. The source examples are food, water, shelter, school supplies, and basic clothing. A want is something enjoyable but not required for survival or basic functioning, such as sweets, games, or the newest phone.

The category alone does not always settle the answer. A phone may be close to a need when it is a basic phone used for safety and school communication. The newest model with the biggest storage is a want. Clothing also needs a closer look: basic clothing is a need, while brand-name clothing or clothing for a special occasion is a want, even though both are clothing.

This distinction helps with budgeting because most people have limited financial resources and unlimited wants. Sorting needs before wants does not remove choice; it helps decide which spending supports necessities first and which items belong on the wish list for later consideration.","With EC$20, a student buys EC$12 school supplies first, then checks whether an EC$5 snow cone still fits. The school supplies are a need; the snow cone is a want.","[{""wrong"": ""All clothing is a need."", ""right"": ""Basic clothing is a need, but brand-name or occasion clothing is a want.""}, {""wrong"": ""A phone is always a want."", ""right"": ""A basic phone for safety and school communication is close to a need; the newest model with the biggest storage is a want.""}, {""wrong"": ""If something is useful or enjoyable, it must be a need."", ""right"": ""A need is something required to live and function; a want is something enjoyable that you can live without.""}]","{""available_money_xcd"": 20, ""school_supplies_xcd"": 12, ""snow_cone_xcd"": 5}",
CON-0065,budgeting_methods,Budgeting methods,budgeting,13-15,adult,draft,FIN-080 FIN-081 FIN-083 FIN-084 FIN-085 FIN-086 FIN-087 FIN-088 FIN-090,50 30 20 rule | envelope method | zero-based budget | budget system | ways to split money,allocator sort_buckets timeline,12,,,"A budgeting method is a way to decide where your money will go before it disappears. Start by listing your monthly income, such as allowance or part-time pay. Then list fixed costs, which stay the same each month, and variable costs, which change. For a teenager, useful categories include transport, phone data, food out, entertainment, gifts, savings, and giving.

Two simple methods are the envelope method and the zero-based budget. With the envelope method, you put cash for each category into a labelled envelope at the start of the month. When an envelope is empty, that category is finished until next month. With a zero-based budget, every EC$ gets a job, including savings and giving, until nothing is unassigned.

After you list income and costs, subtract everything from income. If money remains, it can be saved or spent freely. If the number is negative, something must change. Look at the budget weekly for the first two months while learning, then monthly. If one category runs over, find what happened and adjust next month’s numbers.","Budgeting methods help you control categories instead of guessing from memory. A first budget starts with monthly income, then fixed costs such as rent, insurance, a phone plan, or school fees. After that, add variable costs such as groceries, fuel, transport, food out, and entertainment. Subtract all costs and planned choices from income. If the result is negative, the plan needs a change.

The envelope method is useful when a category is easy to overspend. Cash is placed into labelled envelopes at the start of the month, one envelope for each spending category. When that envelope is empty, spending in that category stops until next month. A zero-based budget works differently: every EC$ of income is assigned a job until income minus all allocations equals zero. Savings and giving count as jobs, so they are planned rather than left to chance.

If income changes each month, budget on the lowest realistic month instead of the best month. In stronger months, move the extra into a buffer account and pay yourself a steady amount from it. This matters for work in tourism, farming, fishing, or freelance jobs. Review the budget weekly for the first two months, then monthly, and also whenever income or major expenses change.","A budgeting method is a structure for assigning household income before spending happens. The basic method is to list all monthly income, list fixed costs such as rent, insurance, phone plans, school fees, and bills with their due dates, then list variable costs such as groceries, fuel, transport, and entertainment. Subtract everything from income. If the result is negative, something must change; if money remains, it can be saved or spent freely.

For a household budget, combine all household income and list every fixed bill with its due date. Estimate variable costs from three months of actual spending, because these costs change and are usually where there is the most room to cut. Set savings as a fixed line item rather than treating it as an afterthought. Review the household budget together each month.

Two named methods can help. The envelope method puts cash for each category into labelled envelopes at the start of the month; when one is empty, that category is done until next month. A zero-based budget assigns every EC$ a job until nothing is unassigned, with savings and giving counted as jobs. For irregular income, budget on the lowest realistic month and move extra from strong months into a buffer account, then pay yourself a steady amount from it.","A Nevis teen earns EC$320 in a month. In a zero-based budget, EC$60 goes to bus fare, EC$40 to phone data, EC$100 to food out such as patties, EC$80 to entertainment, EC$20 to savings, and EC$20 to giving, leaving EC$0 unassigned.","[{""wrong"": ""A budget only matters if you have a large income."", ""right"": ""Even small amounts can be put into categories such as transport, phone data, food out, savings, and giving.""}, {""wrong"": ""If one category goes over, the whole budget has failed."", ""right"": ""Find which category overran, ask what triggered it, and adjust next month’s numbers.""}, {""wrong"": ""A zero-based budget means spending all your money."", ""right"": ""It means every EC$ gets a job; savings and giving count as jobs.""}]","{""monthly_income_xcd"": 320, ""transport_xcd"": 60, ""phone_data_xcd"": 40, ""food_out_xcd"": 100, ""entertainment_xcd"": 80, ""savings_xcd"": 20, ""giving_xcd"": 20, ""unassigned_xcd"": 0, ""fixed_costs_xcd"": 100, ""variable_costs_xcd"": 80, ""planned_savings_xcd"": 20, ""remaining_xcd"": 120, ""lowest_month_xcd"": 2500, ""strong_month_xcd"": 3100, ""extra_xcd"": 600, ""household_income_xcd"": 3200, ""household_fixed_xcd"": 1500, ""household_variable_xcd"": 900, ""household_savings_xcd"": 400, ""household_remaining_xcd"": 400}",
CON-0066,spending_control,Managing spending,budgeting,9-12,adult,draft,FIN-089 FIN-322 FIN-341,track my spending | cut costs | stop overspending | fixed and changing bills | what if I blow my budget | spending less,simulator flow_diagram compare,12,,"Managing spending means choosing where your EC$ goes before an urge, an advert, or a shopping app decides for you. A budget gives limits. When you want a snow cone, a patty, or new school supplies, check the budget first. If it fits, then ask if you truly need it and what you give up by buying it.

You can cut spending by changing simple actions. Cancel subscriptions you do not use. Cook instead of buying prepared food. Compare prices before a big purchase, such as a bicycle. Plan trips so errands are combined. Remove saved card details from shopping apps, because buying takes more effort.","Managing spending is not the same as never buying anything. It means you decide where your money goes, instead of letting impulses or advertising decide for you. Your budget is the checkpoint. When the urge to buy a patty, a snow cone, school supplies, a bicycle, or part of a Carnival costume comes up, consult the budget first to see whether the item fits within its limits.

If the item fits, the decision is not finished. Ask whether you truly need it and what you would give up by buying it. That pause is what helps stop impulse buying. Practical ways to reduce spending include cancelling subscriptions you do not use, cooking instead of buying prepared food, comparing prices before big purchases, planning trips to combine errands, and removing saved card details from shopping apps so buying takes effort.","Managing spending is the skill of keeping control when money choices compete for attention. A budget is not just a list; it is a way to decide where your EC$ goes before impulses or advertising push you. When you feel the urge to spend on bus fare plus food, a new item for school, a bicycle part, or a Carnival costume piece, check the budget before acting. The first question is whether the item fits inside the budget limit.

After that, ask whether you truly need the item and what you are giving up by buying it. This makes the trade-off visible while the urge is still active, which helps stop impulse buying. If spending needs to be reduced, use direct actions: cancel subscriptions you do not use, cook instead of buying prepared food, compare prices before big purchases, combine errands into planned trips, and remove saved card details from shopping apps so a purchase takes more effort.","Managing spending means directing money deliberately instead of allowing impulses, advertising, or easy app purchases to direct it. The budget is the control point. When an urge to spend appears, consult the budget first and check whether the purchase fits within its limits. Then ask whether the item is truly needed and what would be given up by buying it. That sequence turns a quick impulse into a decision.

Cutting spending does not require one single method. The supported methods are practical and specific: cancel subscriptions that are not being used, cook instead of buying prepared food, compare prices before major purchases, plan trips so errands are combined, and remove saved card details from shopping apps so buying takes effort. These actions work because they either reduce repeated spending, slow down impulse purchases, or make the cost of a choice easier to see before the money is spent.","You set a weekly spending limit of EC$40 and have already used EC$25 on school supplies. Buying a patty and snow cone for EC$20 would take spending to EC$45, which is EC$5 over the limit, so the budget says to pause and decide what you would give up.","[{""wrong"": ""Managing spending means never buying anything enjoyable."", ""right"": ""Managing spending means checking the budget, then deciding whether the item fits, is needed, and is worth what you give up.""}, {""wrong"": ""If an item is advertised, it must be a good reason to buy it."", ""right"": ""Spending control means you decide where your money goes instead of letting advertising decide for you.""}, {""wrong"": ""Saved card details in shopping apps do not affect spending."", ""right"": ""Removing saved card details makes buying take more effort, which can help reduce impulse buying.""}]","{""weekly_spending_limit_xcd"": 40, ""already_spent_xcd"": 25, ""wanted_purchase_xcd"": 20, ""total_if_bought_xcd"": 45, ""amount_over_limit_xcd"": 5, ""unused_subscription_per_week_xcd"": 10, ""weeks"": 4, ""subscription_saving_xcd"": 40, ""lower_big_purchase_price_xcd"": 120, ""higher_big_purchase_price_xcd"": 135, ""price_difference_xcd"": 15}",
CON-0067,allowance_money_practice,Allowance and money practice,budgeting,5-8,adult,draft,FIN-092 FIN-093 FIN-168,pocket money | getting paid for chores | child allowance | learning with small money | money lessons at home | saving and spending practice,allocator timeline simulator,15,"Pocket money is small money you can use to learn. You may get it on the same day. It may be the same EC$5 each time. That helps you plan.

You can buy a patty now. You can keep it for school pens. Your choice helps you learn. If you use it all on day one, it is gone. Then you wait until next time. A small miss can teach a big lesson.","Allowance is money for practice. When it comes on a predictable schedule, like the same day each week, and the amount stays consistent, you can make a plan. For example, EC$5 each week for 4 weeks becomes EC$20.

Some families connect allowance to chores, so children see a link between effort and income. Other families keep basic chores as family duty and use paid extra tasks for earning. Both can work if the rule stays consistent.

The practice comes from choosing. You might buy a snow cone now or keep the money for school supplies. If you spend everything on day one, having nothing left for the rest of the month teaches a lesson at a low price.","Allowance is a small practice system for money decisions. The useful parts are a fixed amount, a predictable schedule, and consistent rules. With EC$5 each week, you can see how 4 weeks builds to EC$20, then decide whether to spend it in pieces or keep it for something larger, such as school supplies or part of a bicycle.

Families can handle chores in different ways. One way is to tie allowance to chores, which teaches the link between effort and income. Another way is to keep basic chores as family duty and offer paid extra tasks for earning. Either approach can work when everyone knows the rule and it stays the same.

The point is not to make every choice perfect. A fixed amount lets you practise real spending decisions, including wrong ones. If you spend everything on day one, you may have nothing for the rest of the month. That small, low-price mistake can teach more than a lecture.","Allowance is a controlled way to practise money choices before the choices become larger. It works best when the amount and schedule are predictable and the rules stay consistent. If you receive EC$5 each week, then after 4 weeks you know EC$20 is available, unless you spend some earlier. That makes the trade-off clear: a patty now, school supplies soon, or keeping the money toward a bicycle or Carnival costume.

Chores can be handled in more than one valid way. Tying allowance to chores teaches a link between effort and income. Keeping allowance separate treats basic chores as family duty, while paid extra tasks become the way to earn more. The important part is choosing an approach and applying it consistently.

The practice is strongest when the fixed amount is really yours to decide about. That includes the chance to make a poor choice. If all the money goes on day one, having nothing for the rest of the month is the lesson. Being rescued every time removes the practice; a small painless mistake now can prevent a more expensive one later.","Allowance is not only spending money; it is a practice tool. Children build money skills by handling a fixed amount, making choices, and feeling the result while the stakes are low. The source principle is consistency: give it on a predictable schedule, keep the amount and rules consistent, and avoid rescuing every overspend.

There is no single required link between chores and allowance. Tying allowance to chores can teach the connection between effort and income. Keeping allowance separate can treat basic chores as family duty, while paid extra tasks provide a way to earn. Either model can work if the household chooses one and applies it consistently.

A useful allowance setup gives the child real choice. For example, EC$5 each week for 4 weeks creates EC$20 to manage. The child may buy a snow cone or patty, keep money for school supplies, or spend everything on day one and have nothing left for the rest of the month. The last outcome is not a failure of the lesson; it is often the lesson, learned at a low price.","A child in St. Kitts and Nevis gets EC$5 each Friday for 4 Fridays, making EC$20. They can spend it on a patty or snow cone along the way, or keep it for school supplies.","[{""wrong"": ""Allowance only works if it is tied to chores."", ""right"": ""Tying it to chores can work, and keeping it separate from basic chores can also work if the rule is consistent.""}, {""wrong"": ""A child should be rescued whenever they spend all their allowance."", ""right"": ""Small overspending mistakes can teach useful lessons when the child safely feels the result.""}, {""wrong"": ""The child should not be allowed to make wrong spending choices."", ""right"": ""A fixed amount is useful because the child can practise choices, including wrong ones, at a low price.""}]","{""practice_amount_xcd"": 5, ""weeks"": 4, ""four_week_total_xcd"": 20, ""day_one"": 1, ""zero_left_xcd"": 0}",
